tick,timestamp,event,regime,strategy,hysteresis,proposed,positions,balance,equity,realized,unrealized,price,avg,stddev,slope_pct,r2,long_slope_pct,buy_price,buy_vol,gate_dir,gate_dist_pct,breakout_mult,offset_mult,vol_mult,spacing,details
1,2026-03-23 16:03:30,SLOW_PATH,RANGING,MEAN_REVERSION,0,RANGING,0,10000.0000,10000.0000,0.0000,0.0000,70923.97,0.00,0.00,0.000000,0.0000,0.000000,0.00,0.00000000,0,0.0000,1.5000,1.5000,3.0000,0.00,
2,2026-03-23 16:03:30,SLOW_PATH,RANGING,MEAN_REVERSION,0,RANGING,0,10000.0000,10000.0000,0.0000,0.0000,70923.97,0.00,0.00,0.000000,0.0000,0.000000,0.00,0.00000000,0,0.0000,1.5000,1.5000,3.0000,0.00,
3,2026-03-23 16:03:30,SLOW_PATH,RANGING,MEAN_REVERSION,0,RANGING,0,10000.0000,10000.0000,0.0000,0.0000,70923.97,0.00,0.00,0.000000,0.0000,0.000000,0.00,0.00000000,0,0.0000,1.5000,1.5000,3.0000,0.00,
4,2026-03-23 16:03:31,SLOW_PATH,RANGING,MEAN_REVERSION,0,RANGING,0,10000.0000,10000.0000,0.0000,0.0000,70923.97,0.00,0.00,0.000000,0.0000,0.000000,0.00,0.00000000,0,0.0000,1.5000,1.5000,3.0000,0.00,
5,2026-03-23 16:03:31,SLOW_PATH,RANGING,MEAN_REVERSION,0,RANGING,0,10000.0000,10000.0000,0.0000,0.0000,70923.97,0.00,0.00,0.000000,0.0000,0.000000,0.00,0.00000000,0,0.0000,1.5000,1.5000,3.0000,0.00,
6,2026-03-23 16:03:31,SLOW_PATH,RANGING,MEAN_REVERSION,0,RANGING,0,10000.0000,10000.0000,0.0000,0.0000,70923.98,0.00,0.00,0.000000,0.0000,0.000000,0.00,0.00000000,0,0.0000,1.5000,1.5000,3.0000,0.00,
7,2026-03-23 16:03:31,SLOW_PATH,RANGING,MEAN_REVERSION,0,RANGING,0,10000.0000,10000.0000,0.0000,0.0000,70923.98,0.00,0.00,0.000000,0.0000,0.000000,0.00,0.00000000,0,0.0000,1.5000,1.5000,3.0000,0.00,
8,2026-03-23 16:03:31,SLOW_PATH,RANGING,MEAN_REVERSION,0,RANGING,0,10000.0000,10000.0000,0.0000,0.0000,70923.98,0.00,0.00,0.000000,0.0000,0.000000,0.00,0.00000000,0,0.0000,1.5000,1.5000,3.0000,0.00,
9,2026-03-23 16:03:31,SLOW_PATH,RANGING,MEAN_REVERSION,0,RANGING,0,10000.0000,10000.0000,0.0000,0.0000,70923.98,0.00,0.00,0.000000,0.0000,0.000000,0.00,0.00000000,0,0.0000,1.5000,1.5000,3.0000,0.00,
10,2026-03-23 16:03:31,SLOW_PATH,RANGING,MEAN_REVERSION,0,RANGING,0,10000.0000,10000.0000,0.0000,0.0000,70923.98,0.00,0.00,0.000000,0.0000,0.000000,0.00,0.00000000,0,0.0000,1.5000,1.5000,3.0000,0.00,
11,2026-03-23 16:03:31,SLOW_PATH,RANGING,MEAN_REVERSION,0,RANGING,0,10000.0000,10000.0000,0.0000,0.0000,70923.98,0.00,0.00,0.000000,0.0000,0.000000,0.00,0.00000000,0,0.0000,1.5000,1.5000,3.0000,0.00,
12,2026-03-23 16:03:31,SLOW_PATH,RANGING,MEAN_REVERSION,0,RANGING,0,10000.0000,10000.0000,0.0000,0.0000,70923.98,0.00,0.00,0.000000,0.0000,0.000000,0.00,0.00000000,0,0.0000,1.5000,1.5000,3.0000,0.00,
13,2026-03-23 16:03:31,SLOW_PATH,RANGING,MEAN_REVERSION,0,RANGING,0,10000.0000,10000.0000,0.0000,0.0000,70923.98,0.00,0.00,0.000000,0.0000,0.000000,0.00,0.00000000,0,0.0000,1.5000,1.5000,3.0000,0.00,
14,2026-03-23 16:03:31,SLOW_PATH,RANGING,MEAN_REVERSION,0,RANGING,0,10000.0000,10000.0000,0.0000,0.0000,70923.98,0.00,0.00,0.000000,0.0000,0.000000,0.00,0.00000000,0,0.0000,1.5000,1.5000,3.0000,0.00,
15,2026-03-23 16:03:31,SLOW_PATH,RANGING,MEAN_REVERSION,0,RANGING,0,10000.0000,10000.0000,0.0000,0.0000,70923.98,0.00,0.00,0.000000,0.0000,0.000000,0.00,0.00000000,0,0.0000,1.5000,1.5000,3.0000,0.00,
16,2026-03-23 16:03:31,SLOW_PATH,RANGING,MEAN_REVERSION,0,RANGING,0,10000.0000,10000.0000,0.0000,0.0000,70923.98,0.00,0.00,0.000000,0.0000,0.000000,0.00,0.00000000,0,0.0000,1.5000,1.5000,3.0000,0.00,
17,2026-03-23 16:03:32,SLOW_PATH,RANGING,MEAN_REVERSION,0,RANGING,0,10000.0000,10000.0000,0.0000,0.0000,70923.98,0.00,0.00,0.000000,0.0000,0.000000,0.00,0.00000000,0,0.0000,1.5000,1.5000,3.0000,0.00,
18,2026-03-23 16:03:32,SLOW_PATH,RANGING,MEAN_REVERSION,0,RANGING,0,10000.0000,10000.0000,0.0000,0.0000,70923.98,0.00,0.00,0.000000,0.0000,0.000000,0.00,0.00000000,0,0.0000,1.5000,1.5000,3.0000,0.00,
19,2026-03-23 16:03:32,SLOW_PATH,RANGING,MEAN_REVERSION,0,RANGING,0,10000.0000,10000.0000,0.0000,0.0000,70923.98,0.00,0.00,0.000000,0.0000,0.000000,0.00,0.00000000,0,0.0000,1.5000,1.5000,3.0000,0.00,
20,2026-03-23 16:03:32,SLOW_PATH,RANGING,MEAN_REVERSION,0,RANGING,0,10000.0000,10000.0000,0.0000,0.0000,70923.98,0.00,0.00,0.000000,0.0000,0.000000,0.00,0.00000000,0,0.0000,1.5000,1.5000,3.0000,0.00,
21,2026-03-23 16:03:32,SLOW_PATH,RANGING,MEAN_REVERSION,0,RANGING,0,10000.0000,10000.0000,0.0000,0.0000,70923.98,0.00,0.00,0.000000,0.0000,0.000000,0.00,0.00000000,0,0.0000,1.5000,1.5000,3.0000,0.00,
22,2026-03-23 16:03:32,SLOW_PATH,RANGING,MEAN_REVERSION,0,RANGING,0,10000.0000,10000.0000,0.0000,0.0000,70923.98,0.00,0.00,0.000000,0.0000,0.000000,0.00,0.00000000,0,0.0000,1.5000,1.5000,3.0000,0.00,
23,2026-03-23 16:03:32,SLOW_PATH,RANGING,MEAN_REVERSION,0,RANGING,0,10000.0000,10000.0000,0.0000,0.0000,70923.98,0.00,0.00,0.000000,0.0000,0.000000,0.00,0.00000000,0,0.0000,1.5000,1.5000,3.0000,0.00,
24,2026-03-23 16:03:32,SLOW_PATH,RANGING,MEAN_REVERSION,0,RANGING,0,10000.0000,10000.0000,0.0000,0.0000,70923.98,0.00,0.00,0.000000,0.0000,0.000000,0.00,0.00000000,0,0.0000,1.5000,1.5000,3.0000,0.00,
25,2026-03-23 16:03:32,SLOW_PATH,RANGING,MEAN_REVERSION,0,RANGING,0,10000.0000,10000.0000,0.0000,0.0000,70923.98,0.00,0.00,0.000000,0.0000,0.000000,0.00,0.00000000,0,0.0000,1.5000,1.5000,3.0000,0.00,
26,2026-03-23 16:03:32,SLOW_PATH,RANGING,MEAN_REVERSION,0,RANGING,0,10000.0000,10000.0000,0.0000,0.0000,70923.98,0.00,0.00,0.000000,0.0000,0.000000,0.00,0.00000000,0,0.0000,1.5000,1.5000,3.0000,0.00,
27,2026-03-23 16:03:32,SLOW_PATH,RANGING,MEAN_REVERSION,0,RANGING,0,10000.0000,10000.0000,0.0000,0.0000,70923.98,0.00,0.00,0.000000,0.0000,0.000000,0.00,0.00000000,0,0.0000,1.5000,1.5000,3.0000,0.00,
28,2026-03-23 16:03:33,SLOW_PATH,RANGING,MEAN_REVERSION,0,RANGING,0,10000.0000,10000.0000,0.0000,0.0000,70923.98,0.00,0.00,0.000000,0.0000,0.000000,0.00,0.00000000,0,0.0000,1.5000,1.5000,3.0000,0.00,
29,2026-03-23 16:03:33,SLOW_PATH,RANGING,MEAN_REVERSION,0,RANGING,0,10000.0000,10000.0000,0.0000,0.0000,70923.98,0.00,0.00,0.000000,0.0000,0.000000,0.00,0.00000000,0,0.0000,1.5000,1.5000,3.0000,0.00,
30,2026-03-23 16:03:33,SLOW_PATH,RANGING,MEAN_REVERSION,0,RANGING,0,10000.0000,10000.0000,0.0000,0.0000,70923.98,0.00,0.00,0.000000,0.0000,0.000000,0.00,0.00000000,0,0.0000,1.5000,1.5000,3.0000,0.00,
31,2026-03-23 16:03:33,SLOW_PATH,RANGING,MEAN_REVERSION,0,RANGING,0,10000.0000,10000.0000,0.0000,0.0000,70923.97,0.00,0.00,0.000000,0.0000,0.000000,0.00,0.00000000,0,0.0000,1.5000,1.5000,3.0000,0.00,
32,2026-03-23 16:03:33,SLOW_PATH,RANGING,MEAN_REVERSION,0,RANGING,0,10000.0000,10000.0000,0.0000,0.0000,70923.97,0.00,0.00,0.000000,0.0000,0.000000,0.00,0.00000000,0,0.0000,1.5000,1.5000,3.0000,0.00,
33,2026-03-23 16:03:33,SLOW_PATH,RANGING,MEAN_REVERSION,0,RANGING,0,10000.0000,10000.0000,0.0000,0.0000,70923.97,0.00,0.00,0.000000,0.0000,0.000000,0.00,0.00000000,0,0.0000,1.5000,1.5000,3.0000,0.00,
34,2026-03-23 16:03:33,SLOW_PATH,RANGING,MEAN_REVERSION,0,RANGING,0,10000.0000,10000.0000,0.0000,0.0000,70923.97,0.00,0.00,0.000000,0.0000,0.000000,0.00,0.00000000,0,0.0000,1.5000,1.5000,3.0000,0.00,
35,2026-03-23 16:03:33,SLOW_PATH,RANGING,MEAN_REVERSION,0,RANGING,0,10000.0000,10000.0000,0.0000,0.0000,70923.97,0.00,0.00,0.000000,0.0000,0.000000,0.00,0.00000000,0,0.0000,1.5000,1.5000,3.0000,0.00,
36,2026-03-23 16:03:33,SLOW_PATH,RANGING,MEAN_REVERSION,0,RANGING,0,10000.0000,10000.0000,0.0000,0.0000,70923.98,0.00,0.00,0.000000,0.0000,0.000000,0.00,0.00000000,0,0.0000,1.5000,1.5000,3.0000,0.00,
37,2026-03-23 16:03:33,SLOW_PATH,RANGING,MEAN_REVERSION,0,RANGING,0,10000.0000,10000.0000,0.0000,0.0000,70923.98,0.00,0.00,0.000000,0.0000,0.000000,0.00,0.00000000,0,0.0000,1.5000,1.5000,3.0000,0.00,
38,2026-03-23 16:03:33,SLOW_PATH,RANGING,MEAN_REVERSION,0,RANGING,0,10000.0000,10000.0000,0.0000,0.0000,70923.98,0.00,0.00,0.000000,0.0000,0.000000,0.00,0.00000000,0,0.0000,1.5000,1.5000,3.0000,0.00,
39,2026-03-23 16:03:33,SLOW_PATH,RANGING,MEAN_REVERSION,0,RANGING,0,10000.0000,10000.0000,0.0000,0.0000,70923.98,0.00,0.00,0.000000,0.0000,0.000000,0.00,0.00000000,0,0.0000,1.5000,1.5000,3.0000,0.00,
40,2026-03-23 16:03:33,SLOW_PATH,RANGING,MEAN_REVERSION,0,RANGING,0,10000.0000,10000.0000,0.0000,0.0000,70923.98,0.00,0.00,0.000000,0.0000,0.000000,0.00,0.00000000,0,0.0000,1.5000,1.5000,3.0000,0.00,
41,2026-03-23 16:03:33,SLOW_PATH,RANGING,MEAN_REVERSION,0,RANGING,0,10000.0000,10000.0000,0.0000,0.0000,70923.98,0.00,0.00,0.000000,0.0000,0.000000,0.00,0.00000000,0,0.0000,1.5000,1.5000,3.0000,0.00,
42,2026-03-23 16:03:34,SLOW_PATH,RANGING,MEAN_REVERSION,0,RANGING,0,10000.0000,10000.0000,0.0000,0.0000,70923.98,0.00,0.00,0.000000,0.0000,0.000000,0.00,0.00000000,0,0.0000,1.5000,1.5000,3.0000,0.00,
43,2026-03-23 16:03:34,SLOW_PATH,RANGING,MEAN_REVERSION,0,RANGING,0,10000.0000,10000.0000,0.0000,0.0000,70923.98,0.00,0.00,0.000000,0.0000,0.000000,0.00,0.00000000,0,0.0000,1.5000,1.5000,3.0000,0.00,
44,2026-03-23 16:03:34,SLOW_PATH,RANGING,MEAN_REVERSION,0,RANGING,0,10000.0000,10000.0000,0.0000,0.0000,70923.98,0.00,0.00,0.000000,0.0000,0.000000,0.00,0.00000000,0,0.0000,1.5000,1.5000,3.0000,0.00,
45,2026-03-23 16:03:34,SLOW_PATH,RANGING,MEAN_REVERSION,0,RANGING,0,10000.0000,10000.0000,0.0000,0.0000,70923.98,0.00,0.00,0.000000,0.0000,0.000000,0.00,0.00000000,0,0.0000,1.5000,1.5000,3.0000,0.00,
46,2026-03-23 16:03:34,SLOW_PATH,RANGING,MEAN_REVERSION,0,RANGING,0,10000.0000,10000.0000,0.0000,0.0000,70923.98,0.00,0.00,0.000000,0.0000,0.000000,0.00,0.00000000,0,0.0000,1.5000,1.5000,3.0000,0.00,
47,2026-03-23 16:03:35,SLOW_PATH,RANGING,MEAN_REVERSION,0,RANGING,0,10000.0000,10000.0000,0.0000,0.0000,70923.98,0.00,0.00,0.000000,0.0000,0.000000,0.00,0.00000000,0,0.0000,1.5000,1.5000,3.0000,0.00,
48,2026-03-23 16:03:35,SLOW_PATH,RANGING,MEAN_REVERSION,0,RANGING,0,10000.0000,10000.0000,0.0000,0.0000,70923.98,0.00,0.00,0.000000,0.0000,0.000000,0.00,0.00000000,0,0.0000,1.5000,1.5000,3.0000,0.00,
49,2026-03-23 16:03:35,SLOW_PATH,RANGING,MEAN_REVERSION,0,RANGING,0,10000.0000,10000.0000,0.0000,0.0000,70923.98,0.00,0.00,0.000000,0.0000,0.000000,0.00,0.00000000,0,0.0000,1.5000,1.5000,3.0000,0.00,
50,2026-03-23 16:03:35,SLOW_PATH,RANGING,MEAN_REVERSION,0,RANGING,0,10000.0000,10000.0000,0.0000,0.0000,70923.98,0.00,0.00,0.000000,0.0000,0.000000,0.00,0.00000000,0,0.0000,1.5000,1.5000,3.0000,0.00,
51,2026-03-23 16:03:35,SLOW_PATH,RANGING,MEAN_REVERSION,0,RANGING,0,10000.0000,10000.0000,0.0000,0.0000,70923.98,0.00,0.00,0.000000,0.0000,0.000000,0.00,0.00000000,0,0.0000,1.5000,1.5000,3.0000,0.00,
52,2026-03-23 16:03:35,SLOW_PATH,RANGING,MEAN_REVERSION,0,RANGING,0,10000.0000,10000.0000,0.0000,0.0000,70923.98,0.00,0.00,0.000000,0.0000,0.000000,0.00,0.00000000,0,0.0000,1.5000,1.5000,3.0000,0.00,
53,2026-03-23 16:03:35,SLOW_PATH,RANGING,MEAN_REVERSION,0,RANGING,0,10000.0000,10000.0000,0.0000,0.0000,70923.98,0.00,0.00,0.000000,0.0000,0.000000,0.00,0.00000000,0,0.0000,1.5000,1.5000,3.0000,0.00,
54,2026-03-23 16:03:35,SLOW_PATH,RANGING,MEAN_REVERSION,0,RANGING,0,10000.0000,10000.0000,0.0000,0.0000,70923.98,0.00,0.00,0.000000,0.0000,0.000000,0.00,0.00000000,0,0.0000,1.5000,1.5000,3.0000,0.00,
55,2026-03-23 16:03:35,SLOW_PATH,RANGING,MEAN_REVERSION,0,RANGING,0,10000.0000,10000.0000,0.0000,0.0000,70923.98,0.00,0.00,0.000000,0.0000,0.000000,0.00,0.00000000,0,0.0000,1.5000,1.5000,3.0000,0.00,
56,2026-03-23 16:03:35,SLOW_PATH,RANGING,MEAN_REVERSION,0,RANGING,0,10000.0000,10000.0000,0.0000,0.0000,70923.98,0.00,0.00,0.000000,0.0000,0.000000,0.00,0.00000000,0,0.0000,1.5000,1.5000,3.0000,0.00,
57,2026-03-23 16:03:36,SLOW_PATH,RANGING,MEAN_REVERSION,0,RANGING,0,10000.0000,10000.0000,0.0000,0.0000,70923.98,0.00,0.00,0.000000,0.0000,0.000000,0.00,0.00000000,0,0.0000,1.5000,1.5000,3.0000,0.00,
58,2026-03-23 16:03:36,SLOW_PATH,RANGING,MEAN_REVERSION,0,RANGING,0,10000.0000,10000.0000,0.0000,0.0000,70923.98,0.00,0.00,0.000000,0.0000,0.000000,0.00,0.00000000,0,0.0000,1.5000,1.5000,3.0000,0.00,
59,2026-03-23 16:03:36,SLOW_PATH,RANGING,MEAN_REVERSION,0,RANGING,0,10000.0000,10000.0000,0.0000,0.0000,70923.98,0.00,0.00,0.000000,0.0000,0.000000,0.00,0.00000000,0,0.0000,1.5000,1.5000,3.0000,0.00,
60,2026-03-23 16:03:36,SLOW_PATH,RANGING,MEAN_REVERSION,0,RANGING,0,10000.0000,10000.0000,0.0000,0.0000,70923.98,0.00,0.00,0.000000,0.0000,0.000000,0.00,0.00000000,0,0.0000,1.5000,1.5000,3.0000,0.00,
61,2026-03-23 16:03:36,SLOW_PATH,RANGING,MEAN_REVERSION,0,RANGING,0,10000.0000,10000.0000,0.0000,0.0000,70923.97,0.00,0.00,0.000000,0.0000,0.000000,0.00,0.00000000,0,0.0000,1.5000,1.5000,3.0000,0.00,
62,2026-03-23 16:03:36,SLOW_PATH,RANGING,MEAN_REVERSION,0,RANGING,0,10000.0000,10000.0000,0.0000,0.0000,70923.98,0.00,0.00,0.000000,0.0000,0.000000,0.00,0.00000000,0,0.0000,1.5000,1.5000,3.0000,0.00,
63,2026-03-23 16:03:36,SLOW_PATH,RANGING,MEAN_REVERSION,0,RANGING,0,10000.0000,10000.0000,0.0000,0.0000,70924.88,0.00,0.00,0.000000,0.0000,0.000000,0.00,0.00000000,0,0.0000,1.5000,1.5000,3.0000,0.00,
64,2026-03-23 16:03:36,SLOW_PATH,RANGING,MEAN_REVERSION,0,RANGING,0,10000.0000,10000.0000,0.0000,0.0000,70925.92,0.00,0.00,0.000000,0.0000,0.000000,0.00,0.00000000,0,0.0000,1.5000,1.5000,3.0000,0.00,
65,2026-03-23 16:03:36,SLOW_PATH,RANGING,MEAN_REVERSION,0,RANGING,0,10000.0000,10000.0000,0.0000,0.0000,70927.62,0.00,0.00,0.000000,0.0000,0.000000,0.00,0.00000000,0,0.0000,1.5000,1.5000,3.0000,0.00,
66,2026-03-23 16:03:36,SLOW_PATH,RANGING,MEAN_REVERSION,0,RANGING,0,10000.0000,10000.0000,0.0000,0.0000,70927.64,0.00,0.00,0.000000,0.0000,0.000000,0.00,0.00000000,0,0.0000,1.5000,1.5000,3.0000,0.00,
67,2026-03-23 16:03:36,SLOW_PATH,RANGING,MEAN_REVERSION,0,RANGING,0,10000.0000,10000.0000,0.0000,0.0000,70928.34,0.00,0.00,0.000000,0.0000,0.000000,0.00,0.00000000,0,0.0000,1.5000,1.5000,3.0000,0.00,
68,2026-03-23 16:03:36,SLOW_PATH,RANGING,MEAN_REVERSION,0,RANGING,0,10000.0000,10000.0000,0.0000,0.0000,70928.35,0.00,0.00,0.000000,0.0000,0.000000,0.00,0.00000000,0,0.0000,1.5000,1.5000,3.0000,0.00,
69,2026-03-23 16:03:36,SLOW_PATH,RANGING,MEAN_REVERSION,0,RANGING,0,10000.0000,10000.0000,0.0000,0.0000,70928.70,0.00,0.00,0.000000,0.0000,0.000000,0.00,0.00000000,0,0.0000,1.5000,1.5000,3.0000,0.00,
70,2026-03-23 16:03:36,SLOW_PATH,RANGING,MEAN_REVERSION,0,RANGING,0,10000.0000,10000.0000,0.0000,0.0000,70928.71,0.00,0.00,0.000000,0.0000,0.000000,0.00,0.00000000,0,0.0000,1.5000,1.5000,3.0000,0.00,
71,2026-03-23 16:03:36,SLOW_PATH,RANGING,MEAN_REVERSION,0,RANGING,0,10000.0000,10000.0000,0.0000,0.0000,70929.36,0.00,0.00,0.000000,0.0000,0.000000,0.00,0.00000000,0,0.0000,1.5000,1.5000,3.0000,0.00,
72,2026-03-23 16:03:36,SLOW_PATH,RANGING,MEAN_REVERSION,0,RANGING,0,10000.0000,10000.0000,0.0000,0.0000,70929.92,0.00,0.00,0.000000,0.0000,0.000000,0.00,0.00000000,0,0.0000,1.5000,1.5000,3.0000,0.00,
73,2026-03-23 16:03:36,SLOW_PATH,RANGING,MEAN_REVERSION,0,RANGING,0,10000.0000,10000.0000,0.0000,0.0000,70929.92,0.00,0.00,0.000000,0.0000,0.000000,0.00,0.00000000,0,0.0000,1.5000,1.5000,3.0000,0.00,
74,2026-03-23 16:03:36,SLOW_PATH,RANGING,MEAN_REVERSION,0,RANGING,0,10000.0000,10000.0000,0.0000,0.0000,70932.49,0.00,0.00,0.000000,0.0000,0.000000,0.00,0.00000000,0,0.0000,1.5000,1.5000,3.0000,0.00,
75,2026-03-23 16:03:36,SLOW_PATH,RANGING,MEAN_REVERSION,0,RANGING,0,10000.0000,10000.0000,0.0000,0.0000,70932.61,0.00,0.00,0.000000,0.0000,0.000000,0.00,0.00000000,0,0.0000,1.5000,1.5000,3.0000,0.00,
76,2026-03-23 16:03:36,SLOW_PATH,RANGING,MEAN_REVERSION,0,RANGING,0,10000.0000,10000.0000,0.0000,0.0000,70932.80,0.00,0.00,0.000000,0.0000,0.000000,0.00,0.00000000,0,0.0000,1.5000,1.5000,3.0000,0.00,
77,2026-03-23 16:03:36,SLOW_PATH,RANGING,MEAN_REVERSION,0,RANGING,0,10000.0000,10000.0000,0.0000,0.0000,70934.09,0.00,0.00,0.000000,0.0000,0.000000,0.00,0.00000000,0,0.0000,1.5000,1.5000,3.0000,0.00,
78,2026-03-23 16:03:36,SLOW_PATH,RANGING,MEAN_REVERSION,0,RANGING,0,10000.0000,10000.0000,0.0000,0.0000,70934.09,0.00,0.00,0.000000,0.0000,0.000000,0.00,0.00000000,0,0.0000,1.5000,1.5000,3.0000,0.00,
79,2026-03-23 16:03:36,SLOW_PATH,RANGING,MEAN_REVERSION,0,RANGING,0,10000.0000,10000.0000,0.0000,0.0000,70934.09,0.00,0.00,0.000000,0.0000,0.000000,0.00,0.00000000,0,0.0000,1.5000,1.5000,3.0000,0.00,
80,2026-03-23 16:03:37,SLOW_PATH,RANGING,MEAN_REVERSION,0,RANGING,0,10000.0000,10000.0000,0.0000,0.0000,70934.09,0.00,0.00,0.000000,0.0000,0.000000,0.00,0.00000000,0,0.0000,1.5000,1.5000,3.0000,0.00,
81,2026-03-23 16:03:37,SLOW_PATH,RANGING,MEAN_REVERSION,0,RANGING,0,10000.0000,10000.0000,0.0000,0.0000,70934.09,0.00,0.00,0.000000,0.0000,0.000000,0.00,0.00000000,0,0.0000,1.5000,1.5000,3.0000,0.00,
82,2026-03-23 16:03:37,SLOW_PATH,RANGING,MEAN_REVERSION,0,RANGING,0,10000.0000,10000.0000,0.0000,0.0000,70934.09,0.00,0.00,0.000000,0.0000,0.000000,0.00,0.00000000,0,0.0000,1.5000,1.5000,3.0000,0.00,
83,2026-03-23 16:03:37,SLOW_PATH,RANGING,MEAN_REVERSION,0,RANGING,0,10000.0000,10000.0000,0.0000,0.0000,70934.09,0.00,0.00,0.000000,0.0000,0.000000,0.00,0.00000000,0,0.0000,1.5000,1.5000,3.0000,0.00,
84,2026-03-23 16:03:37,SLOW_PATH,RANGING,MEAN_REVERSION,0,RANGING,0,10000.0000,10000.0000,0.0000,0.0000,70934.09,0.00,0.00,0.000000,0.0000,0.000000,0.00,0.00000000,0,0.0000,1.5000,1.5000,3.0000,0.00,
85,2026-03-23 16:03:37,SLOW_PATH,RANGING,MEAN_REVERSION,0,RANGING,0,10000.0000,10000.0000,0.0000,0.0000,70934.09,0.00,0.00,0.000000,0.0000,0.000000,0.00,0.00000000,0,0.0000,1.5000,1.5000,3.0000,0.00,
86,2026-03-23 16:03:37,SLOW_PATH,RANGING,MEAN_REVERSION,0,RANGING,0,10000.0000,10000.0000,0.0000,0.0000,70934.09,0.00,0.00,0.000000,0.0000,0.000000,0.00,0.00000000,0,0.0000,1.5000,1.5000,3.0000,0.00,
87,2026-03-23 16:03:37,SLOW_PATH,RANGING,MEAN_REVERSION,0,RANGING,0,10000.0000,10000.0000,0.0000,0.0000,70934.09,0.00,0.00,0.000000,0.0000,0.000000,0.00,0.00000000,0,0.0000,1.5000,1.5000,3.0000,0.00,
88,2026-03-23 16:03:37,SLOW_PATH,RANGING,MEAN_REVERSION,0,RANGING,0,10000.0000,10000.0000,0.0000,0.0000,70934.09,0.00,0.00,0.000000,0.0000,0.000000,0.00,0.00000000,0,0.0000,1.5000,1.5000,3.0000,0.00,
89,2026-03-23 16:03:37,SLOW_PATH,RANGING,MEAN_REVERSION,0,RANGING,0,10000.0000,10000.0000,0.0000,0.0000,70934.09,0.00,0.00,0.000000,0.0000,0.000000,0.00,0.00000000,0,0.0000,1.5000,1.5000,3.0000,0.00,
90,2026-03-23 16:03:38,SLOW_PATH,RANGING,MEAN_REVERSION,0,RANGING,0,10000.0000,10000.0000,0.0000,0.0000,70934.09,0.00,0.00,0.000000,0.0000,0.000000,0.00,0.00000000,0,0.0000,1.5000,1.5000,3.0000,0.00,
91,2026-03-23 16:03:38,SLOW_PATH,RANGING,MEAN_REVERSION,0,RANGING,0,10000.0000,10000.0000,0.0000,0.0000,70934.09,0.00,0.00,0.000000,0.0000,0.000000,0.00,0.00000000,0,0.0000,1.5000,1.5000,3.0000,0.00,
92,2026-03-23 16:03:38,SLOW_PATH,RANGING,MEAN_REVERSION,0,RANGING,0,10000.0000,10000.0000,0.0000,0.0000,70934.09,0.00,0.00,0.000000,0.0000,0.000000,0.00,0.00000000,0,0.0000,1.5000,1.5000,3.0000,0.00,
93,2026-03-23 16:03:38,SLOW_PATH,RANGING,MEAN_REVERSION,0,RANGING,0,10000.0000,10000.0000,0.0000,0.0000,70934.09,0.00,0.00,0.000000,0.0000,0.000000,0.00,0.00000000,0,0.0000,1.5000,1.5000,3.0000,0.00,
94,2026-03-23 16:03:38,SLOW_PATH,RANGING,MEAN_REVERSION,0,RANGING,0,10000.0000,10000.0000,0.0000,0.0000,70934.09,0.00,0.00,0.000000,0.0000,0.000000,0.00,0.00000000,0,0.0000,1.5000,1.5000,3.0000,0.00,
95,2026-03-23 16:03:38,SLOW_PATH,RANGING,MEAN_REVERSION,0,RANGING,0,10000.0000,10000.0000,0.0000,0.0000,70934.10,0.00,0.00,0.000000,0.0000,0.000000,0.00,0.00000000,0,0.0000,1.5000,1.5000,3.0000,0.00,
96,2026-03-23 16:03:38,SLOW_PATH,RANGING,MEAN_REVERSION,0,RANGING,0,10000.0000,10000.0000,0.0000,0.0000,70934.10,0.00,0.00,0.000000,0.0000,0.000000,0.00,0.00000000,0,0.0000,1.5000,1.5000,3.0000,0.00,
97,2026-03-23 16:03:38,SLOW_PATH,RANGING,MEAN_REVERSION,0,RANGING,0,10000.0000,10000.0000,0.0000,0.0000,70934.10,0.00,0.00,0.000000,0.0000,0.000000,0.00,0.00000000,0,0.0000,1.5000,1.5000,3.0000,0.00,
98,2026-03-23 16:03:38,SLOW_PATH,RANGING,MEAN_REVERSION,0,RANGING,0,10000.0000,10000.0000,0.0000,0.0000,70934.10,0.00,0.00,0.000000,0.0000,0.000000,0.00,0.00000000,0,0.0000,1.5000,1.5000,3.0000,0.00,
99,2026-03-23 16:03:38,SLOW_PATH,RANGING,MEAN_REVERSION,0,RANGING,0,10000.0000,10000.0000,0.0000,0.0000,70934.10,0.00,0.00,0.000000,0.0000,0.000000,0.00,0.00000000,0,0.0000,1.5000,1.5000,3.0000,0.00,
100,2026-03-23 16:03:38,SLOW_PATH,RANGING,MEAN_REVERSION,0,RANGING,0,10000.0000,10000.0000,0.0000,0.0000,70934.10,0.00,0.00,0.000000,0.0000,0.000000,0.00,0.00000000,0,0.0000,1.5000,1.5000,3.0000,0.00,
101,2026-03-23 16:03:38,SLOW_PATH,RANGING,MEAN_REVERSION,0,RANGING,0,10000.0000,10000.0000,0.0000,0.0000,70934.10,0.00,0.00,0.000000,0.0000,0.000000,0.00,0.00000000,0,0.0000,1.5000,1.5000,3.0000,0.00,
102,2026-03-23 16:03:38,SLOW_PATH,RANGING,MEAN_REVERSION,0,RANGING,0,10000.0000,10000.0000,0.0000,0.0000,70934.10,0.00,0.00,0.000000,0.0000,0.000000,0.00,0.00000000,0,0.0000,1.5000,1.5000,3.0000,0.00,
103,2026-03-23 16:03:38,SLOW_PATH,RANGING,MEAN_REVERSION,0,RANGING,0,10000.0000,10000.0000,0.0000,0.0000,70934.10,0.00,0.00,0.000000,0.0000,0.000000,0.00,0.00000000,0,0.0000,1.5000,1.5000,3.0000,0.00,
104,2026-03-23 16:03:39,SLOW_PATH,RANGING,MEAN_REVERSION,0,RANGING,0,10000.0000,10000.0000,0.0000,0.0000,70934.10,0.00,0.00,0.000000,0.0000,0.000000,0.00,0.00000000,0,0.0000,1.5000,1.5000,3.0000,0.00,
105,2026-03-23 16:03:39,SLOW_PATH,RANGING,MEAN_REVERSION,0,RANGING,0,10000.0000,10000.0000,0.0000,0.0000,70934.10,0.00,0.00,0.000000,0.0000,0.000000,0.00,0.00000000,0,0.0000,1.5000,1.5000,3.0000,0.00,
106,2026-03-23 16:03:39,SLOW_PATH,RANGING,MEAN_REVERSION,0,RANGING,0,10000.0000,10000.0000,0.0000,0.0000,70934.10,0.00,0.00,0.000000,0.0000,0.000000,0.00,0.00000000,0,0.0000,1.5000,1.5000,3.0000,0.00,
107,2026-03-23 16:03:39,SLOW_PATH,RANGING,MEAN_REVERSION,0,RANGING,0,10000.0000,10000.0000,0.0000,0.0000,70934.10,0.00,0.00,0.000000,0.0000,0.000000,0.00,0.00000000,0,0.0000,1.5000,1.5000,3.0000,0.00,
108,2026-03-23 16:03:39,SLOW_PATH,RANGING,MEAN_REVERSION,0,RANGING,0,10000.0000,10000.0000,0.0000,0.0000,70934.10,0.00,0.00,0.000000,0.0000,0.000000,0.00,0.00000000,0,0.0000,1.5000,1.5000,3.0000,0.00,
109,2026-03-23 16:03:39,SLOW_PATH,RANGING,MEAN_REVERSION,0,RANGING,0,10000.0000,10000.0000,0.0000,0.0000,70934.10,0.00,0.00,0.000000,0.0000,0.000000,0.00,0.00000000,0,0.0000,1.5000,1.5000,3.0000,0.00,
110,2026-03-23 16:03:39,SLOW_PATH,RANGING,MEAN_REVERSION,0,RANGING,0,10000.0000,10000.0000,0.0000,0.0000,70936.86,0.00,0.00,0.000000,0.0000,0.000000,0.00,0.00000000,0,0.0000,1.5000,1.5000,3.0000,0.00,
111,2026-03-23 16:03:39,SLOW_PATH,RANGING,MEAN_REVERSION,0,RANGING,0,10000.0000,10000.0000,0.0000,0.0000,70938.99,0.00,0.00,0.000000,0.0000,0.000000,0.00,0.00000000,0,0.0000,1.5000,1.5000,3.0000,0.00,
112,2026-03-23 16:03:39,SLOW_PATH,RANGING,MEAN_REVERSION,0,RANGING,0,10000.0000,10000.0000,0.0000,0.0000,70939.00,0.00,0.00,0.000000,0.0000,0.000000,0.00,0.00000000,0,0.0000,1.5000,1.5000,3.0000,0.00,
113,2026-03-23 16:03:39,SLOW_PATH,RANGING,MEAN_REVERSION,0,RANGING,0,10000.0000,10000.0000,0.0000,0.0000,70939.01,0.00,0.00,0.000000,0.0000,0.000000,0.00,0.00000000,0,0.0000,1.5000,1.5000,3.0000,0.00,
114,2026-03-23 16:03:39,SLOW_PATH,RANGING,MEAN_REVERSION,0,RANGING,0,10000.0000,10000.0000,0.0000,0.0000,70940.37,0.00,0.00,0.000000,0.0000,0.000000,0.00,0.00000000,0,0.0000,1.5000,1.5000,3.0000,0.00,
115,2026-03-23 16:03:39,SLOW_PATH,RANGING,MEAN_REVERSION,0,RANGING,0,10000.0000,10000.0000,0.0000,0.0000,70940.37,0.00,0.00,0.000000,0.0000,0.000000,0.00,0.00000000,0,0.0000,1.5000,1.5000,3.0000,0.00,
116,2026-03-23 16:03:39,SLOW_PATH,RANGING,MEAN_REVERSION,0,RANGING,0,10000.0000,10000.0000,0.0000,0.0000,70940.37,0.00,0.00,0.000000,0.0000,0.000000,0.00,0.00000000,0,0.0000,1.5000,1.5000,3.0000,0.00,
117,2026-03-23 16:03:39,SLOW_PATH,RANGING,MEAN_REVERSION,0,RANGING,0,10000.0000,10000.0000,0.0000,0.0000,70940.37,0.00,0.00,0.000000,0.0000,0.000000,0.00,0.00000000,0,0.0000,1.5000,1.5000,3.0000,0.00,
118,2026-03-23 16:03:39,SLOW_PATH,RANGING,MEAN_REVERSION,0,RANGING,0,10000.0000,10000.0000,0.0000,0.0000,70941.36,0.00,0.00,0.000000,0.0000,0.000000,0.00,0.00000000,0,0.0000,1.5000,1.5000,3.0000,0.00,
119,2026-03-23 16:03:40,SLOW_PATH,RANGING,MEAN_REVERSION,0,RANGING,0,10000.0000,10000.0000,0.0000,0.0000,70941.36,0.00,0.00,0.000000,0.0000,0.000000,0.00,0.00000000,0,0.0000,1.5000,1.5000,3.0000,0.00,
120,2026-03-23 16:03:40,SLOW_PATH,RANGING,MEAN_REVERSION,0,RANGING,0,10000.0000,10000.0000,0.0000,0.0000,70941.36,0.00,0.00,0.000000,0.0000,0.000000,0.00,0.00000000,0,0.0000,1.5000,1.5000,3.0000,0.00,
121,2026-03-23 16:03:40,SLOW_PATH,RANGING,MEAN_REVERSION,0,RANGING,0,10000.0000,10000.0000,0.0000,0.0000,70941.36,0.00,0.00,0.000000,0.0000,0.000000,0.00,0.00000000,0,0.0000,1.5000,1.5000,3.0000,0.00,
122,2026-03-23 16:03:40,SLOW_PATH,RANGING,MEAN_REVERSION,0,RANGING,0,10000.0000,10000.0000,0.0000,0.0000,70941.36,0.00,0.00,0.000000,0.0000,0.000000,0.00,0.00000000,0,0.0000,1.5000,1.5000,3.0000,0.00,
123,2026-03-23 16:03:40,SLOW_PATH,RANGING,MEAN_REVERSION,0,RANGING,0,10000.0000,10000.0000,0.0000,0.0000,70941.36,0.00,0.00,0.000000,0.0000,0.000000,0.00,0.00000000,0,0.0000,1.5000,1.5000,3.0000,0.00,
124,2026-03-23 16:03:40,SLOW_PATH,RANGING,MEAN_REVERSION,0,RANGING,0,10000.0000,10000.0000,0.0000,0.0000,70941.36,0.00,0.00,0.000000,0.0000,0.000000,0.00,0.00000000,0,0.0000,1.5000,1.5000,3.0000,0.00,
125,2026-03-23 16:03:40,SLOW_PATH,RANGING,MEAN_REVERSION,0,RANGING,0,10000.0000,10000.0000,0.0000,0.0000,70941.36,0.00,0.00,0.000000,0.0000,0.000000,0.00,0.00000000,0,0.0000,1.5000,1.5000,3.0000,0.00,
126,2026-03-23 16:03:40,SLOW_PATH,RANGING,MEAN_REVERSION,0,RANGING,0,10000.0000,10000.0000,0.0000,0.0000,70941.36,0.00,0.00,0.000000,0.0000,0.000000,0.00,0.00000000,0,0.0000,1.5000,1.5000,3.0000,0.00,
127,2026-03-23 16:03:40,SLOW_PATH,RANGING,MEAN_REVERSION,0,RANGING,0,10000.0000,10000.0000,0.0000,0.0000,70941.36,0.00,0.00,0.000000,0.0000,0.000000,0.00,0.00000000,0,0.0000,1.5000,1.5000,3.0000,0.00,
128,2026-03-23 16:03:40,SLOW_PATH,RANGING,MEAN_REVERSION,0,RANGING,0,10000.0000,10000.0000,0.0000,0.0000,70941.36,0.00,0.00,0.000000,0.0000,0.000000,0.00,0.00000000,0,0.0000,1.5000,1.5000,3.0000,0.00,
129,2026-03-23 16:03:41,SLOW_PATH,RANGING,MEAN_REVERSION,0,RANGING,0,10000.0000,10000.0000,0.0000,0.0000,70941.36,0.00,0.00,0.000000,0.0000,0.000000,0.00,0.00000000,0,0.0000,1.5000,1.5000,3.0000,0.00,
130,2026-03-23 16:03:41,SLOW_PATH,RANGING,MEAN_REVERSION,0,RANGING,0,10000.0000,10000.0000,0.0000,0.0000,70941.36,0.00,0.00,0.000000,0.0000,0.000000,0.00,0.00000000,0,0.0000,1.5000,1.5000,3.0000,0.00,
131,2026-03-23 16:03:41,SLOW_PATH,RANGING,MEAN_REVERSION,0,RANGING,0,10000.0000,10000.0000,0.0000,0.0000,70941.36,0.00,0.00,0.000000,0.0000,0.000000,0.00,0.00000000,0,0.0000,1.5000,1.5000,3.0000,0.00,
132,2026-03-23 16:03:41,SLOW_PATH,RANGING,MEAN_REVERSION,0,RANGING,0,10000.0000,10000.0000,0.0000,0.0000,70941.36,0.00,0.00,0.000000,0.0000,0.000000,0.00,0.00000000,0,0.0000,1.5000,1.5000,3.0000,0.00,
133,2026-03-23 16:03:41,SLOW_PATH,RANGING,MEAN_REVERSION,0,RANGING,0,10000.0000,10000.0000,0.0000,0.0000,70941.36,0.00,0.00,0.000000,0.0000,0.000000,0.00,0.00000000,0,0.0000,1.5000,1.5000,3.0000,0.00,
134,2026-03-23 16:03:41,SLOW_PATH,RANGING,MEAN_REVERSION,0,RANGING,0,10000.0000,10000.0000,0.0000,0.0000,70941.36,0.00,0.00,0.000000,0.0000,0.000000,0.00,0.00000000,0,0.0000,1.5000,1.5000,3.0000,0.00,
135,2026-03-23 16:03:41,SLOW_PATH,RANGING,MEAN_REVERSION,0,RANGING,0,10000.0000,10000.0000,0.0000,0.0000,70941.36,0.00,0.00,0.000000,0.0000,0.000000,0.00,0.00000000,0,0.0000,1.5000,1.5000,3.0000,0.00,
136,2026-03-23 16:03:41,SLOW_PATH,RANGING,MEAN_REVERSION,0,RANGING,0,10000.0000,10000.0000,0.0000,0.0000,70941.36,0.00,0.00,0.000000,0.0000,0.000000,0.00,0.00000000,0,0.0000,1.5000,1.5000,3.0000,0.00,
137,2026-03-23 16:03:41,SLOW_PATH,RANGING,MEAN_REVERSION,0,RANGING,0,10000.0000,10000.0000,0.0000,0.0000,70941.36,0.00,0.00,0.000000,0.0000,0.000000,0.00,0.00000000,0,0.0000,1.5000,1.5000,3.0000,0.00,
138,2026-03-23 16:03:41,SLOW_PATH,RANGING,MEAN_REVERSION,0,RANGING,0,10000.0000,10000.0000,0.0000,0.0000,70941.36,0.00,0.00,0.000000,0.0000,0.000000,0.00,0.00000000,0,0.0000,1.5000,1.5000,3.0000,0.00,
139,2026-03-23 16:03:42,SLOW_PATH,RANGING,MEAN_REVERSION,0,RANGING,0,10000.0000,10000.0000,0.0000,0.0000,70941.36,0.00,0.00,0.000000,0.0000,0.000000,0.00,0.00000000,0,0.0000,1.5000,1.5000,3.0000,0.00,
140,2026-03-23 16:03:42,SLOW_PATH,RANGING,MEAN_REVERSION,0,RANGING,0,10000.0000,10000.0000,0.0000,0.0000,70941.36,0.00,0.00,0.000000,0.0000,0.000000,0.00,0.00000000,0,0.0000,1.5000,1.5000,3.0000,0.00,
141,2026-03-23 16:03:42,SLOW_PATH,RANGING,MEAN_REVERSION,0,RANGING,0,10000.0000,10000.0000,0.0000,0.0000,70941.36,0.00,0.00,0.000000,0.0000,0.000000,0.00,0.00000000,0,0.0000,1.5000,1.5000,3.0000,0.00,
142,2026-03-23 16:03:42,SLOW_PATH,RANGING,MEAN_REVERSION,0,RANGING,0,10000.0000,10000.0000,0.0000,0.0000,70941.36,0.00,0.00,0.000000,0.0000,0.000000,0.00,0.00000000,0,0.0000,1.5000,1.5000,3.0000,0.00,
143,2026-03-23 16:03:42,SLOW_PATH,RANGING,MEAN_REVERSION,0,RANGING,0,10000.0000,10000.0000,0.0000,0.0000,70941.36,0.00,0.00,0.000000,0.0000,0.000000,0.00,0.00000000,0,0.0000,1.5000,1.5000,3.0000,0.00,
144,2026-03-23 16:03:42,SLOW_PATH,RANGING,MEAN_REVERSION,0,RANGING,0,10000.0000,10000.0000,0.0000,0.0000,70941.36,0.00,0.00,0.000000,0.0000,0.000000,0.00,0.00000000,0,0.0000,1.5000,1.5000,3.0000,0.00,
145,2026-03-23 16:03:42,SLOW_PATH,RANGING,MEAN_REVERSION,0,RANGING,0,10000.0000,10000.0000,0.0000,0.0000,70941.36,0.00,0.00,0.000000,0.0000,0.000000,0.00,0.00000000,0,0.0000,1.5000,1.5000,3.0000,0.00,
146,2026-03-23 16:03:42,SLOW_PATH,RANGING,MEAN_REVERSION,0,RANGING,0,10000.0000,10000.0000,0.0000,0.0000,70941.36,0.00,0.00,0.000000,0.0000,0.000000,0.00,0.00000000,0,0.0000,1.5000,1.5000,3.0000,0.00,
147,2026-03-23 16:03:42,SLOW_PATH,RANGING,MEAN_REVERSION,0,RANGING,0,10000.0000,10000.0000,0.0000,0.0000,70941.36,0.00,0.00,0.000000,0.0000,0.000000,0.00,0.00000000,0,0.0000,1.5000,1.5000,3.0000,0.00,
148,2026-03-23 16:03:42,SLOW_PATH,RANGING,MEAN_REVERSION,0,RANGING,0,10000.0000,10000.0000,0.0000,0.0000,70941.36,0.00,0.00,0.000000,0.0000,0.000000,0.00,0.00000000,0,0.0000,1.5000,1.5000,3.0000,0.00,
149,2026-03-23 16:03:43,SLOW_PATH,RANGING,MEAN_REVERSION,0,RANGING,0,10000.0000,10000.0000,0.0000,0.0000,70941.36,0.00,0.00,0.000000,0.0000,0.000000,0.00,0.00000000,0,0.0000,1.5000,1.5000,3.0000,0.00,
150,2026-03-23 16:03:43,SLOW_PATH,RANGING,MEAN_REVERSION,0,RANGING,0,10000.0000,10000.0000,0.0000,0.0000,70941.36,0.00,0.00,0.000000,0.0000,0.000000,0.00,0.00000000,0,0.0000,1.5000,1.5000,3.0000,0.00,
151,2026-03-23 16:03:43,SLOW_PATH,RANGING,MEAN_REVERSION,0,RANGING,0,10000.0000,10000.0000,0.0000,0.0000,70941.36,0.00,0.00,0.000000,0.0000,0.000000,0.00,0.00000000,0,0.0000,1.5000,1.5000,3.0000,0.00,
152,2026-03-23 16:03:43,SLOW_PATH,RANGING,MEAN_REVERSION,0,RANGING,0,10000.0000,10000.0000,0.0000,0.0000,70941.36,0.00,0.00,0.000000,0.0000,0.000000,0.00,0.00000000,0,0.0000,1.5000,1.5000,3.0000,0.00,
153,2026-03-23 16:03:43,SLOW_PATH,RANGING,MEAN_REVERSION,0,RANGING,0,10000.0000,10000.0000,0.0000,0.0000,70941.36,0.00,0.00,0.000000,0.0000,0.000000,0.00,0.00000000,0,0.0000,1.5000,1.5000,3.0000,0.00,
154,2026-03-23 16:03:43,SLOW_PATH,RANGING,MEAN_REVERSION,0,RANGING,0,10000.0000,10000.0000,0.0000,0.0000,70941.37,0.00,0.00,0.000000,0.0000,0.000000,0.00,0.00000000,0,0.0000,1.5000,1.5000,3.0000,0.00,
155,2026-03-23 16:03:43,SLOW_PATH,RANGING,MEAN_REVERSION,0,RANGING,0,10000.0000,10000.0000,0.0000,0.0000,70941.37,0.00,0.00,0.000000,0.0000,0.000000,0.00,0.00000000,0,0.0000,1.5000,1.5000,3.0000,0.00,
156,2026-03-23 16:03:43,SLOW_PATH,RANGING,MEAN_REVERSION,0,RANGING,0,10000.0000,10000.0000,0.0000,0.0000,70941.37,0.00,0.00,0.000000,0.0000,0.000000,0.00,0.00000000,0,0.0000,1.5000,1.5000,3.0000,0.00,
157,2026-03-23 16:03:43,SLOW_PATH,RANGING,MEAN_REVERSION,0,RANGING,0,10000.0000,10000.0000,0.0000,0.0000,70941.37,0.00,0.00,0.000000,0.0000,0.000000,0.00,0.00000000,0,0.0000,1.5000,1.5000,3.0000,0.00,
158,2026-03-23 16:03:43,SLOW_PATH,RANGING,MEAN_REVERSION,0,RANGING,0,10000.0000,10000.0000,0.0000,0.0000,70941.37,0.00,0.00,0.000000,0.0000,0.000000,0.00,0.00000000,0,0.0000,1.5000,1.5000,3.0000,0.00,
159,2026-03-23 16:03:43,SLOW_PATH,RANGING,MEAN_REVERSION,0,RANGING,0,10000.0000,10000.0000,0.0000,0.0000,70941.37,0.00,0.00,0.000000,0.0000,0.000000,0.00,0.00000000,0,0.0000,1.5000,1.5000,3.0000,0.00,
160,2026-03-23 16:03:43,SLOW_PATH,RANGING,MEAN_REVERSION,0,RANGING,0,10000.0000,10000.0000,0.0000,0.0000,70941.37,0.00,0.00,0.000000,0.0000,0.000000,0.00,0.00000000,0,0.0000,1.5000,1.5000,3.0000,0.00,
161,2026-03-23 16:03:44,SLOW_PATH,RANGING,MEAN_REVERSION,0,RANGING,0,10000.0000,10000.0000,0.0000,0.0000,70941.37,0.00,0.00,0.000000,0.0000,0.000000,0.00,0.00000000,0,0.0000,1.5000,1.5000,3.0000,0.00,
162,2026-03-23 16:03:44,SLOW_PATH,RANGING,MEAN_REVERSION,0,RANGING,0,10000.0000,10000.0000,0.0000,0.0000,70941.37,0.00,0.00,0.000000,0.0000,0.000000,0.00,0.00000000,0,0.0000,1.5000,1.5000,3.0000,0.00,
163,2026-03-23 16:03:44,SLOW_PATH,RANGING,MEAN_REVERSION,0,RANGING,0,10000.0000,10000.0000,0.0000,0.0000,70941.37,0.00,0.00,0.000000,0.0000,0.000000,0.00,0.00000000,0,0.0000,1.5000,1.5000,3.0000,0.00,
164,2026-03-23 16:03:44,SLOW_PATH,RANGING,MEAN_REVERSION,0,RANGING,0,10000.0000,10000.0000,0.0000,0.0000,70941.37,0.00,0.00,0.000000,0.0000,0.000000,0.00,0.00000000,0,0.0000,1.5000,1.5000,3.0000,0.00,
165,2026-03-23 16:03:44,SLOW_PATH,RANGING,MEAN_REVERSION,0,RANGING,0,10000.0000,10000.0000,0.0000,0.0000,70941.37,0.00,0.00,0.000000,0.0000,0.000000,0.00,0.00000000,0,0.0000,1.5000,1.5000,3.0000,0.00,
166,2026-03-23 16:03:44,SLOW_PATH,RANGING,MEAN_REVERSION,0,RANGING,0,10000.0000,10000.0000,0.0000,0.0000,70941.37,0.00,0.00,0.000000,0.0000,0.000000,0.00,0.00000000,0,0.0000,1.5000,1.5000,3.0000,0.00,
167,2026-03-23 16:03:44,SLOW_PATH,RANGING,MEAN_REVERSION,0,RANGING,0,10000.0000,10000.0000,0.0000,0.0000,70941.37,0.00,0.00,0.000000,0.0000,0.000000,0.00,0.00000000,0,0.0000,1.5000,1.5000,3.0000,0.00,
168,2026-03-23 16:03:44,SLOW_PATH,RANGING,MEAN_REVERSION,0,RANGING,0,10000.0000,10000.0000,0.0000,0.0000,70941.37,0.00,0.00,0.000000,0.0000,0.000000,0.00,0.00000000,0,0.0000,1.5000,1.5000,3.0000,0.00,
169,2026-03-23 16:03:44,SLOW_PATH,RANGING,MEAN_REVERSION,0,RANGING,0,10000.0000,10000.0000,0.0000,0.0000,70941.37,0.00,0.00,0.000000,0.0000,0.000000,0.00,0.00000000,0,0.0000,1.5000,1.5000,3.0000,0.00,
170,2026-03-23 16:03:44,SLOW_PATH,RANGING,MEAN_REVERSION,0,RANGING,0,10000.0000,10000.0000,0.0000,0.0000,70941.37,0.00,0.00,0.000000,0.0000,0.000000,0.00,0.00000000,0,0.0000,1.5000,1.5000,3.0000,0.00,
171,2026-03-23 16:03:45,SLOW_PATH,RANGING,MEAN_REVERSION,0,RANGING,0,10000.0000,10000.0000,0.0000,0.0000,70941.37,0.00,0.00,0.000000,0.0000,0.000000,0.00,0.00000000,0,0.0000,1.5000,1.5000,3.0000,0.00,
172,2026-03-23 16:03:45,SLOW_PATH,RANGING,MEAN_REVERSION,0,RANGING,0,10000.0000,10000.0000,0.0000,0.0000,70941.37,0.00,0.00,0.000000,0.0000,0.000000,0.00,0.00000000,0,0.0000,1.5000,1.5000,3.0000,0.00,
173,2026-03-23 16:03:45,SLOW_PATH,RANGING,MEAN_REVERSION,0,RANGING,0,10000.0000,10000.0000,0.0000,0.0000,70941.36,0.00,0.00,0.000000,0.0000,0.000000,0.00,0.00000000,0,0.0000,1.5000,1.5000,3.0000,0.00,
174,2026-03-23 16:03:45,SLOW_PATH,RANGING,MEAN_REVERSION,0,RANGING,0,10000.0000,10000.0000,0.0000,0.0000,70941.36,0.00,0.00,0.000000,0.0000,0.000000,0.00,0.00000000,0,0.0000,1.5000,1.5000,3.0000,0.00,
175,2026-03-23 16:03:45,SLOW_PATH,RANGING,MEAN_REVERSION,0,RANGING,0,10000.0000,10000.0000,0.0000,0.0000,70941.36,0.00,0.00,0.000000,0.0000,0.000000,0.00,0.00000000,0,0.0000,1.5000,1.5000,3.0000,0.00,
176,2026-03-23 16:03:45,SLOW_PATH,RANGING,MEAN_REVERSION,0,RANGING,0,10000.0000,10000.0000,0.0000,0.0000,70941.36,0.00,0.00,0.000000,0.0000,0.000000,0.00,0.00000000,0,0.0000,1.5000,1.5000,3.0000,0.00,
177,2026-03-23 16:03:45,SLOW_PATH,RANGING,MEAN_REVERSION,0,RANGING,0,10000.0000,10000.0000,0.0000,0.0000,70941.36,0.00,0.00,0.000000,0.0000,0.000000,0.00,0.00000000,0,0.0000,1.5000,1.5000,3.0000,0.00,
178,2026-03-23 16:03:45,SLOW_PATH,RANGING,MEAN_REVERSION,0,RANGING,0,10000.0000,10000.0000,0.0000,0.0000,70941.36,0.00,0.00,0.000000,0.0000,0.000000,0.00,0.00000000,0,0.0000,1.5000,1.5000,3.0000,0.00,
179,2026-03-23 16:03:45,SLOW_PATH,RANGING,MEAN_REVERSION,0,RANGING,0,10000.0000,10000.0000,0.0000,0.0000,70941.36,0.00,0.00,0.000000,0.0000,0.000000,0.00,0.00000000,0,0.0000,1.5000,1.5000,3.0000,0.00,
180,2026-03-23 16:03:45,SLOW_PATH,RANGING,MEAN_REVERSION,0,RANGING,0,10000.0000,10000.0000,0.0000,0.0000,70941.36,0.00,0.00,0.000000,0.0000,0.000000,0.00,0.00000000,0,0.0000,1.5000,1.5000,3.0000,0.00,
181,2026-03-23 16:03:45,SLOW_PATH,RANGING,MEAN_REVERSION,0,RANGING,0,10000.0000,10000.0000,0.0000,0.0000,70941.36,0.00,0.00,0.000000,0.0000,0.000000,0.00,0.00000000,0,0.0000,1.5000,1.5000,3.0000,0.00,
182,2026-03-23 16:03:45,SLOW_PATH,RANGING,MEAN_REVERSION,0,RANGING,0,10000.0000,10000.0000,0.0000,0.0000,70941.36,0.00,0.00,0.000000,0.0000,0.000000,0.00,0.00000000,0,0.0000,1.5000,1.5000,3.0000,0.00,
183,2026-03-23 16:03:46,SLOW_PATH,RANGING,MEAN_REVERSION,0,RANGING,0,10000.0000,10000.0000,0.0000,0.0000,70941.36,0.00,0.00,0.000000,0.0000,0.000000,0.00,0.00000000,0,0.0000,1.5000,1.5000,3.0000,0.00,
184,2026-03-23 16:03:46,SLOW_PATH,RANGING,MEAN_REVERSION,0,RANGING,0,10000.0000,10000.0000,0.0000,0.0000,70941.36,0.00,0.00,0.000000,0.0000,0.000000,0.00,0.00000000,0,0.0000,1.5000,1.5000,3.0000,0.00,
185,2026-03-23 16:03:46,SLOW_PATH,RANGING,MEAN_REVERSION,0,RANGING,0,10000.0000,10000.0000,0.0000,0.0000,70941.36,0.00,0.00,0.000000,0.0000,0.000000,0.00,0.00000000,0,0.0000,1.5000,1.5000,3.0000,0.00,
186,2026-03-23 16:03:46,SLOW_PATH,RANGING,MEAN_REVERSION,0,RANGING,0,10000.0000,10000.0000,0.0000,0.0000,70941.36,0.00,0.00,0.000000,0.0000,0.000000,0.00,0.00000000,0,0.0000,1.5000,1.5000,3.0000,0.00,
187,2026-03-23 16:03:46,SLOW_PATH,RANGING,MEAN_REVERSION,0,RANGING,0,10000.0000,10000.0000,0.0000,0.0000,70941.36,0.00,0.00,0.000000,0.0000,0.000000,0.00,0.00000000,0,0.0000,1.5000,1.5000,3.0000,0.00,
188,2026-03-23 16:03:46,SLOW_PATH,RANGING,MEAN_REVERSION,0,RANGING,0,10000.0000,10000.0000,0.0000,0.0000,70941.36,0.00,0.00,0.000000,0.0000,0.000000,0.00,0.00000000,0,0.0000,1.5000,1.5000,3.0000,0.00,
189,2026-03-23 16:03:46,SLOW_PATH,RANGING,MEAN_REVERSION,0,RANGING,0,10000.0000,10000.0000,0.0000,0.0000,70941.36,0.00,0.00,0.000000,0.0000,0.000000,0.00,0.00000000,0,0.0000,1.5000,1.5000,3.0000,0.00,
190,2026-03-23 16:03:46,SLOW_PATH,RANGING,MEAN_REVERSION,0,RANGING,0,10000.0000,10000.0000,0.0000,0.0000,70941.36,0.00,0.00,0.000000,0.0000,0.000000,0.00,0.00000000,0,0.0000,1.5000,1.5000,3.0000,0.00,
191,2026-03-23 16:03:46,SLOW_PATH,RANGING,MEAN_REVERSION,0,RANGING,0,10000.0000,10000.0000,0.0000,0.0000,70941.36,0.00,0.00,0.000000,0.0000,0.000000,0.00,0.00000000,0,0.0000,1.5000,1.5000,3.0000,0.00,
192,2026-03-23 16:03:46,SLOW_PATH,RANGING,MEAN_REVERSION,0,RANGING,0,10000.0000,10000.0000,0.0000,0.0000,70941.36,0.00,0.00,0.000000,0.0000,0.000000,0.00,0.00000000,0,0.0000,1.5000,1.5000,3.0000,0.00,
193,2026-03-23 16:03:47,SLOW_PATH,RANGING,MEAN_REVERSION,0,RANGING,0,10000.0000,10000.0000,0.0000,0.0000,70941.36,0.00,0.00,0.000000,0.0000,0.000000,0.00,0.00000000,0,0.0000,1.5000,1.5000,3.0000,0.00,
194,2026-03-23 16:03:47,SLOW_PATH,RANGING,MEAN_REVERSION,0,RANGING,0,10000.0000,10000.0000,0.0000,0.0000,70941.36,0.00,0.00,0.000000,0.0000,0.000000,0.00,0.00000000,0,0.0000,1.5000,1.5000,3.0000,0.00,
195,2026-03-23 16:03:47,SLOW_PATH,RANGING,MEAN_REVERSION,0,RANGING,0,10000.0000,10000.0000,0.0000,0.0000,70941.36,0.00,0.00,0.000000,0.0000,0.000000,0.00,0.00000000,0,0.0000,1.5000,1.5000,3.0000,0.00,
196,2026-03-23 16:03:47,SLOW_PATH,RANGING,MEAN_REVERSION,0,RANGING,0,10000.0000,10000.0000,0.0000,0.0000,70941.36,0.00,0.00,0.000000,0.0000,0.000000,0.00,0.00000000,0,0.0000,1.5000,1.5000,3.0000,0.00,
197,2026-03-23 16:03:47,SLOW_PATH,RANGING,MEAN_REVERSION,0,RANGING,0,10000.0000,10000.0000,0.0000,0.0000,70941.36,0.00,0.00,0.000000,0.0000,0.000000,0.00,0.00000000,0,0.0000,1.5000,1.5000,3.0000,0.00,
198,2026-03-23 16:03:47,SLOW_PATH,RANGING,MEAN_REVERSION,0,RANGING,0,10000.0000,10000.0000,0.0000,0.0000,70941.36,0.00,0.00,0.000000,0.0000,0.000000,0.00,0.00000000,0,0.0000,1.5000,1.5000,3.0000,0.00,
199,2026-03-23 16:03:47,SLOW_PATH,RANGING,MEAN_REVERSION,0,RANGING,0,10000.0000,10000.0000,0.0000,0.0000,70941.36,0.00,0.00,0.000000,0.0000,0.000000,0.00,0.00000000,0,0.0000,1.5000,1.5000,3.0000,0.00,
200,2026-03-23 16:03:47,SLOW_PATH,RANGING,MEAN_REVERSION,0,RANGING,0,10000.0000,10000.0000,0.0000,0.0000,70941.36,70937.73,1.81,0.010234,0.0000,0.010234,0.00,0.00000000,0,100.0051,1.5000,1.5000,3.0000,21.28,
201,2026-03-23 16:03:47,SLOW_PATH,RANGING,MEAN_REVERSION,0,RANGING,0,10000.0000,10000.0000,0.0000,0.0000,70941.36,70937.73,1.81,0.010234,0.0000,0.010234,0.00,0.00000000,0,100.0051,1.5000,1.5000,3.0000,21.28,
202,2026-03-23 16:03:47,SLOW_PATH,RANGING,MEAN_REVERSION,0,RANGING,0,10000.0000,10000.0000,0.0000,0.0000,70941.36,70937.73,1.81,0.010234,0.0000,0.010234,0.00,0.00000000,0,100.0051,1.5000,1.5000,3.0000,21.28,
203,2026-03-23 16:03:47,SLOW_PATH,RANGING,MEAN_REVERSION,0,RANGING,0,10000.0000,10000.0000,0.0000,0.0000,70941.36,70937.73,1.81,0.010234,0.0000,0.010234,0.00,0.00000000,0,100.0051,1.5000,1.5000,3.0000,21.28,
204,2026-03-23 16:03:47,SLOW_PATH,RANGING,MEAN_REVERSION,0,RANGING,0,10000.0000,10000.0000,0.0000,0.0000,70941.36,70937.73,1.81,0.010234,0.0000,0.010234,0.00,0.00000000,0,100.0051,1.5000,1.5000,3.0000,21.28,
205,2026-03-23 16:03:48,SLOW_PATH,RANGING,MEAN_REVERSION,0,RANGING,0,10000.0000,10000.0000,0.0000,0.0000,70941.36,70937.73,1.81,0.010234,0.0000,0.010234,0.00,0.00000000,0,100.0051,1.5000,1.5000,3.0000,21.28,
206,2026-03-23 16:03:48,SLOW_PATH,RANGING,MEAN_REVERSION,0,RANGING,0,10000.0000,10000.0000,0.0000,0.0000,70941.36,70937.73,1.81,0.010234,0.0000,0.010234,0.00,0.00000000,0,100.0051,1.5000,1.5000,3.0000,21.28,
207,2026-03-23 16:03:48,SLOW_PATH,RANGING,MEAN_REVERSION,0,RANGING,0,10000.0000,10000.0000,0.0000,0.0000,70941.36,70937.73,1.81,0.010234,0.0000,0.010234,0.00,0.00000000,0,100.0051,1.5000,1.5000,3.0000,21.28,
208,2026-03-23 16:03:48,SLOW_PATH,RANGING,MEAN_REVERSION,0,RANGING,0,10000.0000,10000.0000,0.0000,0.0000,70941.36,70937.73,1.81,0.010234,0.0000,0.010234,0.00,0.00000000,0,100.0051,1.5000,1.5000,3.0000,21.28,
209,2026-03-23 16:03:48,SLOW_PATH,RANGING,MEAN_REVERSION,0,RANGING,0,10000.0000,10000.0000,0.0000,0.0000,70941.37,70937.73,1.81,0.010234,0.0000,0.010234,0.00,0.00000000,0,100.0051,1.5000,1.5000,3.0000,21.28,
210,2026-03-23 16:03:48,SLOW_PATH,RANGING,MEAN_REVERSION,0,RANGING,0,10000.0000,10000.0000,0.0000,0.0000,70941.37,70937.73,1.81,0.010234,0.0000,0.010234,0.00,0.00000000,0,100.0051,1.5000,1.5000,3.0000,21.28,
211,2026-03-23 16:03:48,SLOW_PATH,RANGING,MEAN_REVERSION,0,RANGING,0,10000.0000,10000.0000,0.0000,0.0000,70941.37,70937.73,1.81,0.010234,0.0000,0.010234,0.00,0.00000000,0,100.0051,1.5000,1.5000,3.0000,21.28,
212,2026-03-23 16:03:48,SLOW_PATH,RANGING,MEAN_REVERSION,0,RANGING,0,10000.0000,10000.0000,0.0000,0.0000,70941.37,70937.73,1.81,0.010234,0.0000,0.010234,0.00,0.00000000,0,100.0051,1.5000,1.5000,3.0000,21.28,
213,2026-03-23 16:03:48,SLOW_PATH,RANGING,MEAN_REVERSION,0,RANGING,0,10000.0000,10000.0000,0.0000,0.0000,70941.37,70937.73,1.81,0.010234,0.0000,0.010234,0.00,0.00000000,0,100.0051,1.5000,1.5000,3.0000,21.28,
214,2026-03-23 16:03:48,SLOW_PATH,RANGING,MEAN_REVERSION,0,RANGING,0,10000.0000,10000.0000,0.0000,0.0000,70941.37,70937.73,1.81,0.010234,0.0000,0.010234,0.00,0.00000000,0,100.0051,1.5000,1.5000,3.0000,21.28,
215,2026-03-23 16:03:48,SLOW_PATH,RANGING,MEAN_REVERSION,0,RANGING,0,10000.0000,10000.0000,0.0000,0.0000,70941.37,70937.73,1.81,0.010234,0.0000,0.010234,0.00,0.00000000,0,100.0051,1.5000,1.5000,3.0000,21.28,
216,2026-03-23 16:03:48,SLOW_PATH,RANGING,MEAN_REVERSION,0,RANGING,0,10000.0000,10000.0000,0.0000,0.0000,70941.37,70937.73,1.81,0.010234,0.0000,0.010234,0.00,0.00000000,0,100.0051,1.5000,1.5000,3.0000,21.28,
217,2026-03-23 16:03:49,SLOW_PATH,RANGING,MEAN_REVERSION,0,RANGING,0,10000.0000,10000.0000,0.0000,0.0000,70941.37,70937.73,1.81,0.010234,0.0000,0.010234,0.00,0.00000000,0,100.0051,1.5000,1.5000,3.0000,21.28,
218,2026-03-23 16:03:49,SLOW_PATH,RANGING,MEAN_REVERSION,0,RANGING,0,10000.0000,10000.0000,0.0000,0.0000,70941.37,70937.73,1.81,0.010234,0.0000,0.010234,0.00,0.00000000,0,100.0051,1.5000,1.5000,3.0000,21.28,
219,2026-03-23 16:03:49,SLOW_PATH,RANGING,MEAN_REVERSION,0,RANGING,0,10000.0000,10000.0000,0.0000,0.0000,70941.37,70937.73,1.81,0.010234,0.0000,0.010234,0.00,0.00000000,0,100.0051,1.5000,1.5000,3.0000,21.28,
220,2026-03-23 16:03:49,SLOW_PATH,RANGING,MEAN_REVERSION,0,RANGING,0,10000.0000,10000.0000,0.0000,0.0000,70941.37,70937.73,1.81,0.010234,0.0000,0.010234,0.00,0.00000000,0,100.0051,1.5000,1.5000,3.0000,21.28,
221,2026-03-23 16:03:49,SLOW_PATH,RANGING,MEAN_REVERSION,0,RANGING,0,10000.0000,10000.0000,0.0000,0.0000,70941.37,70937.73,1.81,0.010234,0.0000,0.010234,0.00,0.00000000,0,100.0051,1.5000,1.5000,3.0000,21.28,
222,2026-03-23 16:03:49,SLOW_PATH,RANGING,MEAN_REVERSION,0,RANGING,0,10000.0000,10000.0000,0.0000,0.0000,70941.37,70937.73,1.81,0.010234,0.0000,0.010234,0.00,0.00000000,0,100.0051,1.5000,1.5000,3.0000,21.28,
223,2026-03-23 16:03:49,SLOW_PATH,RANGING,MEAN_REVERSION,0,RANGING,0,10000.0000,10000.0000,0.0000,0.0000,70941.37,70937.73,1.81,0.010234,0.0000,0.010234,0.00,0.00000000,0,100.0051,1.5000,1.5000,3.0000,21.28,
224,2026-03-23 16:03:49,SLOW_PATH,RANGING,MEAN_REVERSION,0,RANGING,0,10000.0000,10000.0000,0.0000,0.0000,70941.37,70937.73,1.81,0.010234,0.0000,0.010234,0.00,0.00000000,0,100.0051,1.5000,1.5000,3.0000,21.28,
225,2026-03-23 16:03:49,SLOW_PATH,RANGING,MEAN_REVERSION,0,RANGING,0,10000.0000,10000.0000,0.0000,0.0000,70941.37,70937.73,1.81,0.010234,0.0000,0.010234,0.00,0.00000000,0,100.0051,1.5000,1.5000,3.0000,21.28,
226,2026-03-23 16:03:49,SLOW_PATH,RANGING,MEAN_REVERSION,0,RANGING,0,10000.0000,10000.0000,0.0000,0.0000,70941.37,70937.73,1.81,0.010234,0.0000,0.010234,0.00,0.00000000,0,100.0051,1.5000,1.5000,3.0000,21.28,
227,2026-03-23 16:03:50,SLOW_PATH,RANGING,MEAN_REVERSION,0,RANGING,0,10000.0000,10000.0000,0.0000,0.0000,70941.37,70937.73,1.81,0.010234,0.0000,0.010234,0.00,0.00000000,0,100.0051,1.5000,1.5000,3.0000,21.28,
228,2026-03-23 16:03:50,SLOW_PATH,RANGING,MEAN_REVERSION,0,RANGING,0,10000.0000,10000.0000,0.0000,0.0000,70941.37,70937.73,1.81,0.010234,0.0000,0.010234,0.00,0.00000000,0,100.0051,1.5000,1.5000,3.0000,21.28,
229,2026-03-23 16:03:50,SLOW_PATH,RANGING,MEAN_REVERSION,0,RANGING,0,10000.0000,10000.0000,0.0000,0.0000,70941.37,70937.73,1.81,0.010234,0.0000,0.010234,0.00,0.00000000,0,100.0051,1.5000,1.5000,3.0000,21.28,
230,2026-03-23 16:03:50,SLOW_PATH,RANGING,MEAN_REVERSION,0,RANGING,0,10000.0000,10000.0000,0.0000,0.0000,70941.36,70937.73,1.81,0.010234,0.0000,0.010234,0.00,0.00000000,0,100.0051,1.5000,1.5000,3.0000,21.28,
231,2026-03-23 16:03:50,SLOW_PATH,RANGING,MEAN_REVERSION,0,RANGING,0,10000.0000,10000.0000,0.0000,0.0000,70941.36,70937.73,1.81,0.010234,0.0000,0.010234,0.00,0.00000000,0,100.0051,1.5000,1.5000,3.0000,21.28,
232,2026-03-23 16:03:50,SLOW_PATH,RANGING,MEAN_REVERSION,0,RANGING,0,10000.0000,10000.0000,0.0000,0.0000,70941.36,70937.73,1.81,0.010234,0.0000,0.010234,0.00,0.00000000,0,100.0051,1.5000,1.5000,3.0000,21.28,
233,2026-03-23 16:03:50,SLOW_PATH,RANGING,MEAN_REVERSION,0,RANGING,0,10000.0000,10000.0000,0.0000,0.0000,70941.37,70937.73,1.81,0.010234,0.0000,0.010234,0.00,0.00000000,0,100.0051,1.5000,1.5000,3.0000,21.28,
234,2026-03-23 16:03:50,SLOW_PATH,RANGING,MEAN_REVERSION,0,RANGING,0,10000.0000,10000.0000,0.0000,0.0000,70941.37,70937.73,1.81,0.010234,0.0000,0.010234,0.00,0.00000000,0,100.0051,1.5000,1.5000,3.0000,21.28,
235,2026-03-23 16:03:50,SLOW_PATH,RANGING,MEAN_REVERSION,0,RANGING,0,10000.0000,10000.0000,0.0000,0.0000,70941.37,70937.73,1.81,0.010234,0.0000,0.010234,0.00,0.00000000,0,100.0051,1.5000,1.5000,3.0000,21.28,
236,2026-03-23 16:03:50,SLOW_PATH,RANGING,MEAN_REVERSION,0,RANGING,0,10000.0000,10000.0000,0.0000,0.0000,70941.37,70937.73,1.81,0.010234,0.0000,0.010234,0.00,0.00000000,0,100.0051,1.5000,1.5000,3.0000,21.28,
237,2026-03-23 16:03:50,SLOW_PATH,RANGING,MEAN_REVERSION,0,RANGING,0,10000.0000,10000.0000,0.0000,0.0000,70941.37,70937.73,1.81,0.010234,0.0000,0.010234,0.00,0.00000000,0,100.0051,1.5000,1.5000,3.0000,21.28,
238,2026-03-23 16:03:50,SLOW_PATH,RANGING,MEAN_REVERSION,0,RANGING,0,10000.0000,10000.0000,0.0000,0.0000,70941.37,70937.73,1.81,0.010234,0.0000,0.010234,0.00,0.00000000,0,100.0051,1.5000,1.5000,3.0000,21.28,
239,2026-03-23 16:03:50,SLOW_PATH,RANGING,MEAN_REVERSION,0,RANGING,0,10000.0000,10000.0000,0.0000,0.0000,70941.37,70937.73,1.81,0.010234,0.0000,0.010234,0.00,0.00000000,0,100.0051,1.5000,1.5000,3.0000,21.28,
240,2026-03-23 16:03:50,SLOW_PATH,RANGING,MEAN_REVERSION,0,RANGING,0,10000.0000,10000.0000,0.0000,0.0000,70941.37,70937.73,1.81,0.010234,0.0000,0.010234,0.00,0.00000000,0,100.0051,1.5000,1.5000,3.0000,21.28,
241,2026-03-23 16:03:51,SLOW_PATH,RANGING,MEAN_REVERSION,0,RANGING,0,10000.0000,10000.0000,0.0000,0.0000,70941.37,70937.73,1.81,0.010234,0.0000,0.010234,0.00,0.00000000,0,100.0051,1.5000,1.5000,3.0000,21.28,
242,2026-03-23 16:03:51,SLOW_PATH,RANGING,MEAN_REVERSION,0,RANGING,0,10000.0000,10000.0000,0.0000,0.0000,70941.36,70937.73,1.81,0.010234,0.0000,0.010234,0.00,0.00000000,0,100.0051,1.5000,1.5000,3.0000,21.28,
243,2026-03-23 16:03:51,SLOW_PATH,RANGING,MEAN_REVERSION,0,RANGING,0,10000.0000,10000.0000,0.0000,0.0000,70941.36,70937.73,1.81,0.010234,0.0000,0.010234,0.00,0.00000000,0,100.0051,1.5000,1.5000,3.0000,21.28,
244,2026-03-23 16:03:51,SLOW_PATH,RANGING,MEAN_REVERSION,0,RANGING,0,10000.0000,10000.0000,0.0000,0.0000,70941.36,70937.73,1.81,0.010234,0.0000,0.010234,0.00,0.00000000,0,100.0051,1.5000,1.5000,3.0000,21.28,
245,2026-03-23 16:03:51,SLOW_PATH,RANGING,MEAN_REVERSION,0,RANGING,0,10000.0000,10000.0000,0.0000,0.0000,70941.36,70937.73,1.81,0.010234,0.0000,0.010234,0.00,0.00000000,0,100.0051,1.5000,1.5000,3.0000,21.28,
246,2026-03-23 16:03:51,SLOW_PATH,RANGING,MEAN_REVERSION,0,RANGING,0,10000.0000,10000.0000,0.0000,0.0000,70941.36,70937.73,1.81,0.010234,0.0000,0.010234,0.00,0.00000000,0,100.0051,1.5000,1.5000,3.0000,21.28,
247,2026-03-23 16:03:51,SLOW_PATH,RANGING,MEAN_REVERSION,0,RANGING,0,10000.0000,10000.0000,0.0000,0.0000,70941.36,70937.73,1.81,0.010234,0.0000,0.010234,0.00,0.00000000,0,100.0051,1.5000,1.5000,3.0000,21.28,
248,2026-03-23 16:03:51,SLOW_PATH,RANGING,MEAN_REVERSION,0,RANGING,0,10000.0000,10000.0000,0.0000,0.0000,70941.36,70937.73,1.81,0.010234,0.0000,0.010234,0.00,0.00000000,0,100.0051,1.5000,1.5000,3.0000,21.28,
249,2026-03-23 16:03:51,SLOW_PATH,RANGING,MEAN_REVERSION,0,RANGING,0,10000.0000,10000.0000,0.0000,0.0000,70941.36,70937.73,1.81,0.010234,0.0000,0.010234,0.00,0.00000000,0,100.0051,1.5000,1.5000,3.0000,21.28,
250,2026-03-23 16:03:51,SLOW_PATH,RANGING,MEAN_REVERSION,0,RANGING,0,10000.0000,10000.0000,0.0000,0.0000,70941.36,70937.73,1.81,0.010234,0.0000,0.010234,0.00,0.00000000,0,100.0051,1.5000,1.5000,3.0000,21.28,
251,2026-03-23 16:03:51,SLOW_PATH,RANGING,MEAN_REVERSION,0,RANGING,0,10000.0000,10000.0000,0.0000,0.0000,70941.36,70937.73,1.81,0.010234,0.0000,0.010234,0.00,0.00000000,0,100.0051,1.5000,1.5000,3.0000,21.28,
252,2026-03-23 16:03:52,SLOW_PATH,RANGING,MEAN_REVERSION,0,RANGING,0,10000.0000,10000.0000,0.0000,0.0000,70941.36,70937.73,1.81,0.010234,0.0000,0.010234,0.00,0.00000000,0,100.0051,1.5000,1.5000,3.0000,21.28,
253,2026-03-23 16:03:52,SLOW_PATH,RANGING,MEAN_REVERSION,0,RANGING,0,10000.0000,10000.0000,0.0000,0.0000,70941.36,70937.73,1.81,0.010234,0.0000,0.010234,0.00,0.00000000,0,100.0051,1.5000,1.5000,3.0000,21.28,
254,2026-03-23 16:03:52,SLOW_PATH,RANGING,MEAN_REVERSION,0,RANGING,0,10000.0000,10000.0000,0.0000,0.0000,70941.36,70937.73,1.81,0.010234,0.0000,0.010234,0.00,0.00000000,0,100.0051,1.5000,1.5000,3.0000,21.28,
255,2026-03-23 16:03:52,SLOW_PATH,RANGING,MEAN_REVERSION,0,RANGING,0,10000.0000,10000.0000,0.0000,0.0000,70941.36,70937.73,1.81,0.010234,0.0000,0.010234,0.00,0.00000000,0,100.0051,1.5000,1.5000,3.0000,21.28,
256,2026-03-23 16:03:52,SLOW_PATH,RANGING,MEAN_REVERSION,0,RANGING,0,10000.0000,10000.0000,0.0000,0.0000,70941.36,70937.73,1.81,0.010234,0.0000,0.010234,0.00,0.00000000,0,100.0051,1.5000,1.5000,3.0000,21.28,
257,2026-03-23 16:03:52,SLOW_PATH,RANGING,MEAN_REVERSION,0,RANGING,0,10000.0000,10000.0000,0.0000,0.0000,70941.36,70937.73,1.81,0.010234,0.0000,0.010234,0.00,0.00000000,0,100.0051,1.5000,1.5000,3.0000,21.28,
258,2026-03-23 16:03:52,SLOW_PATH,RANGING,MEAN_REVERSION,0,RANGING,0,10000.0000,10000.0000,0.0000,0.0000,70941.36,70937.73,1.81,0.010234,0.0000,0.010234,0.00,0.00000000,0,100.0051,1.5000,1.5000,3.0000,21.28,
259,2026-03-23 16:03:52,SLOW_PATH,RANGING,MEAN_REVERSION,0,RANGING,0,10000.0000,10000.0000,0.0000,0.0000,70941.36,70937.73,1.81,0.010234,0.0000,0.010234,0.00,0.00000000,0,100.0051,1.5000,1.5000,3.0000,21.28,
260,2026-03-23 16:03:52,SLOW_PATH,RANGING,MEAN_REVERSION,0,RANGING,0,10000.0000,10000.0000,0.0000,0.0000,70941.36,70937.73,1.81,0.010234,0.0000,0.010234,0.00,0.00000000,0,100.0051,1.5000,1.5000,3.0000,21.28,
261,2026-03-23 16:03:52,SLOW_PATH,RANGING,MEAN_REVERSION,0,RANGING,0,10000.0000,10000.0000,0.0000,0.0000,70941.36,70937.73,1.81,0.010234,0.0000,0.010234,0.00,0.00000000,0,100.0051,1.5000,1.5000,3.0000,21.28,
262,2026-03-23 16:03:52,SLOW_PATH,RANGING,MEAN_REVERSION,0,RANGING,0,10000.0000,10000.0000,0.0000,0.0000,70941.36,70937.73,1.81,0.010234,0.0000,0.010234,0.00,0.00000000,0,100.0051,1.5000,1.5000,3.0000,21.28,
263,2026-03-23 16:03:53,SLOW_PATH,RANGING,MEAN_REVERSION,0,RANGING,0,10000.0000,10000.0000,0.0000,0.0000,70941.36,70937.73,1.81,0.010234,0.0000,0.010234,0.00,0.00000000,0,100.0051,1.5000,1.5000,3.0000,21.28,
264,2026-03-23 16:03:53,SLOW_PATH,RANGING,MEAN_REVERSION,0,RANGING,0,10000.0000,10000.0000,0.0000,0.0000,70941.36,70937.73,1.81,0.010234,0.0000,0.010234,0.00,0.00000000,0,100.0051,1.5000,1.5000,3.0000,21.28,
265,2026-03-23 16:03:53,SLOW_PATH,RANGING,MEAN_REVERSION,0,RANGING,0,10000.0000,10000.0000,0.0000,0.0000,70941.36,70937.73,1.81,0.010234,0.0000,0.010234,0.00,0.00000000,0,100.0051,1.5000,1.5000,3.0000,21.28,
266,2026-03-23 16:03:53,SLOW_PATH,RANGING,MEAN_REVERSION,0,RANGING,0,10000.0000,10000.0000,0.0000,0.0000,70941.36,70937.73,1.81,0.010234,0.0000,0.010234,0.00,0.00000000,0,100.0051,1.5000,1.5000,3.0000,21.28,
267,2026-03-23 16:03:53,SLOW_PATH,RANGING,MEAN_REVERSION,0,RANGING,0,10000.0000,10000.0000,0.0000,0.0000,70941.36,70937.73,1.81,0.010234,0.0000,0.010234,0.00,0.00000000,0,100.0051,1.5000,1.5000,3.0000,21.28,
268,2026-03-23 16:03:53,SLOW_PATH,RANGING,MEAN_REVERSION,0,RANGING,0,10000.0000,10000.0000,0.0000,0.0000,70941.37,70937.73,1.81,0.010234,0.0000,0.010234,0.00,0.00000000,0,100.0051,1.5000,1.5000,3.0000,21.28,
269,2026-03-23 16:03:53,SLOW_PATH,RANGING,MEAN_REVERSION,0,RANGING,0,10000.0000,10000.0000,0.0000,0.0000,70941.37,70937.73,1.81,0.010234,0.0000,0.010234,0.00,0.00000000,0,100.0051,1.5000,1.5000,3.0000,21.28,
270,2026-03-23 16:03:53,SLOW_PATH,RANGING,MEAN_REVERSION,0,RANGING,0,10000.0000,10000.0000,0.0000,0.0000,70941.36,70937.73,1.81,0.010234,0.0000,0.010234,0.00,0.00000000,0,100.0051,1.5000,1.5000,3.0000,21.28,
271,2026-03-23 16:03:53,SLOW_PATH,RANGING,MEAN_REVERSION,0,RANGING,0,10000.0000,10000.0000,0.0000,0.0000,70941.36,70937.73,1.81,0.010234,0.0000,0.010234,0.00,0.00000000,0,100.0051,1.5000,1.5000,3.0000,21.28,
272,2026-03-23 16:03:53,SLOW_PATH,RANGING,MEAN_REVERSION,0,RANGING,0,10000.0000,10000.0000,0.0000,0.0000,70941.36,70937.73,1.81,0.010234,0.0000,0.010234,0.00,0.00000000,0,100.0051,1.5000,1.5000,3.0000,21.28,
273,2026-03-23 16:03:53,SLOW_PATH,RANGING,MEAN_REVERSION,0,RANGING,0,10000.0000,10000.0000,0.0000,0.0000,70941.36,70937.73,1.81,0.010234,0.0000,0.010234,0.00,0.00000000,0,100.0051,1.5000,1.5000,3.0000,21.28,
274,2026-03-23 16:03:53,SLOW_PATH,RANGING,MEAN_REVERSION,0,RANGING,0,10000.0000,10000.0000,0.0000,0.0000,70941.36,70937.73,1.81,0.010234,0.0000,0.010234,0.00,0.00000000,0,100.0051,1.5000,1.5000,3.0000,21.28,
275,2026-03-23 16:03:53,SLOW_PATH,RANGING,MEAN_REVERSION,0,RANGING,0,10000.0000,10000.0000,0.0000,0.0000,70941.36,70937.73,1.81,0.010234,0.0000,0.010234,0.00,0.00000000,0,100.0051,1.5000,1.5000,3.0000,21.28,
276,2026-03-23 16:03:54,SLOW_PATH,RANGING,MEAN_REVERSION,0,RANGING,0,10000.0000,10000.0000,0.0000,0.0000,70941.36,70937.73,1.81,0.010234,0.0000,0.010234,0.00,0.00000000,0,100.0051,1.5000,1.5000,3.0000,21.28,
277,2026-03-23 16:03:54,SLOW_PATH,RANGING,MEAN_REVERSION,0,RANGING,0,10000.0000,10000.0000,0.0000,0.0000,70941.36,70937.73,1.81,0.010234,0.0000,0.010234,0.00,0.00000000,0,100.0051,1.5000,1.5000,3.0000,21.28,
278,2026-03-23 16:03:54,SLOW_PATH,RANGING,MEAN_REVERSION,0,RANGING,0,10000.0000,10000.0000,0.0000,0.0000,70941.36,70937.73,1.81,0.010234,0.0000,0.010234,0.00,0.00000000,0,100.0051,1.5000,1.5000,3.0000,21.28,
279,2026-03-23 16:03:54,SLOW_PATH,RANGING,MEAN_REVERSION,0,RANGING,0,10000.0000,10000.0000,0.0000,0.0000,70941.36,70937.73,1.81,0.010234,0.0000,0.010234,0.00,0.00000000,0,100.0051,1.5000,1.5000,3.0000,21.28,
280,2026-03-23 16:03:54,SLOW_PATH,RANGING,MEAN_REVERSION,0,RANGING,0,10000.0000,10000.0000,0.0000,0.0000,70941.36,70937.73,1.81,0.010234,0.0000,0.010234,0.00,0.00000000,0,100.0051,1.5000,1.5000,3.0000,21.28,
281,2026-03-23 16:03:54,SLOW_PATH,RANGING,MEAN_REVERSION,0,RANGING,0,10000.0000,10000.0000,0.0000,0.0000,70941.36,70937.73,1.81,0.010234,0.0000,0.010234,0.00,0.00000000,0,100.0051,1.5000,1.5000,3.0000,21.28,
282,2026-03-23 16:03:54,SLOW_PATH,RANGING,MEAN_REVERSION,0,RANGING,0,10000.0000,10000.0000,0.0000,0.0000,70941.36,70937.73,1.81,0.010234,0.0000,0.010234,0.00,0.00000000,0,100.0051,1.5000,1.5000,3.0000,21.28,
283,2026-03-23 16:03:54,SLOW_PATH,RANGING,MEAN_REVERSION,0,RANGING,0,10000.0000,10000.0000,0.0000,0.0000,70941.36,70937.73,1.81,0.010234,0.0000,0.010234,0.00,0.00000000,0,100.0051,1.5000,1.5000,3.0000,21.28,
284,2026-03-23 16:03:54,SLOW_PATH,RANGING,MEAN_REVERSION,0,RANGING,0,10000.0000,10000.0000,0.0000,0.0000,70941.36,70937.73,1.81,0.010234,0.0000,0.010234,0.00,0.00000000,0,100.0051,1.5000,1.5000,3.0000,21.28,
285,2026-03-23 16:03:54,SLOW_PATH,RANGING,MEAN_REVERSION,0,RANGING,0,10000.0000,10000.0000,0.0000,0.0000,70941.36,70937.73,1.81,0.010234,0.0000,0.010234,0.00,0.00000000,0,100.0051,1.5000,1.5000,3.0000,21.28,
286,2026-03-23 16:03:55,SLOW_PATH,RANGING,MEAN_REVERSION,0,RANGING,0,10000.0000,10000.0000,0.0000,0.0000,70941.36,70937.73,1.81,0.010234,0.0000,0.010234,0.00,0.00000000,0,100.0051,1.5000,1.5000,3.0000,21.28,
287,2026-03-23 16:03:55,SLOW_PATH,RANGING,MEAN_REVERSION,0,RANGING,0,10000.0000,10000.0000,0.0000,0.0000,70941.36,70937.73,1.81,0.010234,0.0000,0.010234,0.00,0.00000000,0,100.0051,1.5000,1.5000,3.0000,21.28,
288,2026-03-23 16:03:55,SLOW_PATH,RANGING,MEAN_REVERSION,0,RANGING,0,10000.0000,10000.0000,0.0000,0.0000,70941.36,70937.73,1.81,0.010234,0.0000,0.010234,0.00,0.00000000,0,100.0051,1.5000,1.5000,3.0000,21.28,
289,2026-03-23 16:03:55,SLOW_PATH,RANGING,MEAN_REVERSION,0,RANGING,0,10000.0000,10000.0000,0.0000,0.0000,70941.36,70937.73,1.81,0.010234,0.0000,0.010234,0.00,0.00000000,0,100.0051,1.5000,1.5000,3.0000,21.28,
290,2026-03-23 16:03:55,SLOW_PATH,RANGING,MEAN_REVERSION,0,RANGING,0,10000.0000,10000.0000,0.0000,0.0000,70941.36,70937.73,1.81,0.010234,0.0000,0.010234,0.00,0.00000000,0,100.0051,1.5000,1.5000,3.0000,21.28,
291,2026-03-23 16:03:55,SLOW_PATH,RANGING,MEAN_REVERSION,0,RANGING,0,10000.0000,10000.0000,0.0000,0.0000,70941.36,70937.73,1.81,0.010234,0.0000,0.010234,0.00,0.00000000,0,100.0051,1.5000,1.5000,3.0000,21.28,
292,2026-03-23 16:03:55,SLOW_PATH,RANGING,MEAN_REVERSION,0,RANGING,0,10000.0000,10000.0000,0.0000,0.0000,70941.36,70937.73,1.81,0.010234,0.0000,0.010234,0.00,0.00000000,0,100.0051,1.5000,1.5000,3.0000,21.28,
293,2026-03-23 16:03:55,SLOW_PATH,RANGING,MEAN_REVERSION,0,RANGING,0,10000.0000,10000.0000,0.0000,0.0000,70941.36,70937.73,1.81,0.010234,0.0000,0.010234,0.00,0.00000000,0,100.0051,1.5000,1.5000,3.0000,21.28,
294,2026-03-23 16:03:55,SLOW_PATH,RANGING,MEAN_REVERSION,0,RANGING,0,10000.0000,10000.0000,0.0000,0.0000,70941.36,70937.73,1.81,0.010234,0.0000,0.010234,0.00,0.00000000,0,100.0051,1.5000,1.5000,3.0000,21.28,
295,2026-03-23 16:03:55,SLOW_PATH,RANGING,MEAN_REVERSION,0,RANGING,0,10000.0000,10000.0000,0.0000,0.0000,70941.36,70937.73,1.81,0.010234,0.0000,0.010234,0.00,0.00000000,0,100.0051,1.5000,1.5000,3.0000,21.28,
296,2026-03-23 16:03:55,SLOW_PATH,RANGING,MEAN_REVERSION,0,RANGING,0,10000.0000,10000.0000,0.0000,0.0000,70941.36,70937.73,1.81,0.010234,0.0000,0.010234,0.00,0.00000000,0,100.0051,1.5000,1.5000,3.0000,21.28,
297,2026-03-23 16:03:56,SLOW_PATH,RANGING,MEAN_REVERSION,0,RANGING,0,10000.0000,10000.0000,0.0000,0.0000,70941.36,70937.73,1.81,0.010234,0.0000,0.010234,0.00,0.00000000,0,100.0051,1.5000,1.5000,3.0000,21.28,
298,2026-03-23 16:03:56,SLOW_PATH,RANGING,MEAN_REVERSION,0,RANGING,0,10000.0000,10000.0000,0.0000,0.0000,70941.36,70937.73,1.81,0.010234,0.0000,0.010234,0.00,0.00000000,0,100.0051,1.5000,1.5000,3.0000,21.28,
299,2026-03-23 16:03:56,SLOW_PATH,RANGING,MEAN_REVERSION,0,RANGING,0,10000.0000,10000.0000,0.0000,0.0000,70941.36,70937.73,1.81,0.010234,0.0000,0.010234,0.00,0.00000000,0,100.0051,1.5000,1.5000,3.0000,21.28,
300,2026-03-23 16:03:56,SLOW_PATH,RANGING,MEAN_REVERSION,0,RANGING,0,10000.0000,10000.0000,0.0000,0.0000,70941.36,70938.94,1.81,0.005117,0.0000,0.005117,0.00,0.00000000,0,100.0034,1.5000,1.5000,3.0000,21.28,
301,2026-03-23 16:03:56,SLOW_PATH,RANGING,MEAN_REVERSION,0,RANGING,0,10000.0000,10000.0000,0.0000,0.0000,70941.36,70938.94,1.81,0.005117,0.0000,0.005117,0.00,0.00000000,0,100.0034,1.5000,1.5000,3.0000,21.28,
302,2026-03-23 16:03:56,SLOW_PATH,RANGING,MEAN_REVERSION,0,RANGING,0,10000.0000,10000.0000,0.0000,0.0000,70941.36,70938.94,1.81,0.005117,0.0000,0.005117,0.00,0.00000000,0,100.0034,1.5000,1.5000,3.0000,21.28,
303,2026-03-23 16:03:56,SLOW_PATH,RANGING,MEAN_REVERSION,0,RANGING,0,10000.0000,10000.0000,0.0000,0.0000,70941.37,70938.94,1.81,0.005117,0.0000,0.005117,0.00,0.00000000,0,100.0034,1.5000,1.5000,3.0000,21.28,
304,2026-03-23 16:03:56,SLOW_PATH,RANGING,MEAN_REVERSION,0,RANGING,0,10000.0000,10000.0000,0.0000,0.0000,70941.37,70938.94,1.81,0.005117,0.0000,0.005117,0.00,0.00000000,0,100.0034,1.5000,1.5000,3.0000,21.28,
305,2026-03-23 16:03:56,SLOW_PATH,RANGING,MEAN_REVERSION,0,RANGING,0,10000.0000,10000.0000,0.0000,0.0000,70941.37,70938.94,1.81,0.005117,0.0000,0.005117,0.00,0.00000000,0,100.0034,1.5000,1.5000,3.0000,21.28,
306,2026-03-23 16:03:56,SLOW_PATH,RANGING,MEAN_REVERSION,0,RANGING,0,10000.0000,10000.0000,0.0000,0.0000,70941.37,70938.94,1.81,0.005117,0.0000,0.005117,0.00,0.00000000,0,100.0034,1.5000,1.5000,3.0000,21.28,
307,2026-03-23 16:03:56,SLOW_PATH,RANGING,MEAN_REVERSION,0,RANGING,0,10000.0000,10000.0000,0.0000,0.0000,70941.37,70938.94,1.81,0.005117,0.0000,0.005117,0.00,0.00000000,0,100.0034,1.5000,1.5000,3.0000,21.28,
308,2026-03-23 16:03:56,SLOW_PATH,RANGING,MEAN_REVERSION,0,RANGING,0,10000.0000,10000.0000,0.0000,0.0000,70941.36,70938.94,1.81,0.005117,0.0000,0.005117,0.00,0.00000000,0,100.0034,1.5000,1.5000,3.0000,21.28,
309,2026-03-23 16:03:56,SLOW_PATH,RANGING,MEAN_REVERSION,0,RANGING,0,10000.0000,10000.0000,0.0000,0.0000,70941.36,70938.94,1.81,0.005117,0.0000,0.005117,0.00,0.00000000,0,100.0034,1.5000,1.5000,3.0000,21.28,
310,2026-03-23 16:03:56,SLOW_PATH,RANGING,MEAN_REVERSION,0,RANGING,0,10000.0000,10000.0000,0.0000,0.0000,70941.36,70938.94,1.81,0.005117,0.0000,0.005117,0.00,0.00000000,0,100.0034,1.5000,1.5000,3.0000,21.28,
311,2026-03-23 16:03:57,SLOW_PATH,RANGING,MEAN_REVERSION,0,RANGING,0,10000.0000,10000.0000,0.0000,0.0000,70941.36,70938.94,1.81,0.005117,0.0000,0.005117,0.00,0.00000000,0,100.0034,1.5000,1.5000,3.0000,21.28,
312,2026-03-23 16:03:57,SLOW_PATH,RANGING,MEAN_REVERSION,0,RANGING,0,10000.0000,10000.0000,0.0000,0.0000,70941.36,70938.94,1.81,0.005117,0.0000,0.005117,0.00,0.00000000,0,100.0034,1.5000,1.5000,3.0000,21.28,
313,2026-03-23 16:03:57,SLOW_PATH,RANGING,MEAN_REVERSION,0,RANGING,0,10000.0000,10000.0000,0.0000,0.0000,70941.36,70938.94,1.81,0.005117,0.0000,0.005117,0.00,0.00000000,0,100.0034,1.5000,1.5000,3.0000,21.28,
314,2026-03-23 16:03:57,SLOW_PATH,RANGING,MEAN_REVERSION,0,RANGING,0,10000.0000,10000.0000,0.0000,0.0000,70941.36,70938.94,1.81,0.005117,0.0000,0.005117,0.00,0.00000000,0,100.0034,1.5000,1.5000,3.0000,21.28,
315,2026-03-23 16:03:57,SLOW_PATH,RANGING,MEAN_REVERSION,0,RANGING,0,10000.0000,10000.0000,0.0000,0.0000,70941.36,70938.94,1.81,0.005117,0.0000,0.005117,0.00,0.00000000,0,100.0034,1.5000,1.5000,3.0000,21.28,
316,2026-03-23 16:03:57,SLOW_PATH,RANGING,MEAN_REVERSION,0,RANGING,0,10000.0000,10000.0000,0.0000,0.0000,70941.36,70938.94,1.81,0.005117,0.0000,0.005117,0.00,0.00000000,0,100.0034,1.5000,1.5000,3.0000,21.28,
317,2026-03-23 16:03:57,SLOW_PATH,RANGING,MEAN_REVERSION,0,RANGING,0,10000.0000,10000.0000,0.0000,0.0000,70941.36,70938.94,1.81,0.005117,0.0000,0.005117,0.00,0.00000000,0,100.0034,1.5000,1.5000,3.0000,21.28,
318,2026-03-23 16:03:57,SLOW_PATH,RANGING,MEAN_REVERSION,0,RANGING,0,10000.0000,10000.0000,0.0000,0.0000,70941.36,70938.94,1.81,0.005117,0.0000,0.005117,0.00,0.00000000,0,100.0034,1.5000,1.5000,3.0000,21.28,
319,2026-03-23 16:03:57,SLOW_PATH,RANGING,MEAN_REVERSION,0,RANGING,0,10000.0000,10000.0000,0.0000,0.0000,70941.36,70938.94,1.81,0.005117,0.0000,0.005117,0.00,0.00000000,0,100.0034,1.5000,1.5000,3.0000,21.28,
320,2026-03-23 16:03:57,SLOW_PATH,RANGING,MEAN_REVERSION,0,RANGING,0,10000.0000,10000.0000,0.0000,0.0000,70941.36,70938.94,1.81,0.005117,0.0000,0.005117,0.00,0.00000000,0,100.0034,1.5000,1.5000,3.0000,21.28,
321,2026-03-23 16:03:57,SLOW_PATH,RANGING,MEAN_REVERSION,0,RANGING,0,10000.0000,10000.0000,0.0000,0.0000,70941.36,70938.94,1.81,0.005117,0.0000,0.005117,0.00,0.00000000,0,100.0034,1.5000,1.5000,3.0000,21.28,
322,2026-03-23 16:03:57,SLOW_PATH,RANGING,MEAN_REVERSION,0,RANGING,0,10000.0000,10000.0000,0.0000,0.0000,70941.37,70938.94,1.81,0.005117,0.0000,0.005117,0.00,0.00000000,0,100.0034,1.5000,1.5000,3.0000,21.28,
323,2026-03-23 16:03:57,SLOW_PATH,RANGING,MEAN_REVERSION,0,RANGING,0,10000.0000,10000.0000,0.0000,0.0000,70941.36,70938.94,1.81,0.005117,0.0000,0.005117,0.00,0.00000000,0,100.0034,1.5000,1.5000,3.0000,21.28,
324,2026-03-23 16:03:57,SLOW_PATH,RANGING,MEAN_REVERSION,0,RANGING,0,10000.0000,10000.0000,0.0000,0.0000,70941.36,70938.94,1.81,0.005117,0.0000,0.005117,0.00,0.00000000,0,100.0034,1.5000,1.5000,3.0000,21.28,
325,2026-03-23 16:03:57,SLOW_PATH,RANGING,MEAN_REVERSION,0,RANGING,0,10000.0000,10000.0000,0.0000,0.0000,70941.36,70938.94,1.81,0.005117,0.0000,0.005117,0.00,0.00000000,0,100.0034,1.5000,1.5000,3.0000,21.28,
326,2026-03-23 16:03:58,SLOW_PATH,RANGING,MEAN_REVERSION,0,RANGING,0,10000.0000,10000.0000,0.0000,0.0000,70941.36,70938.94,1.81,0.005117,0.0000,0.005117,0.00,0.00000000,0,100.0034,1.5000,1.5000,3.0000,21.28,
327,2026-03-23 16:03:58,SLOW_PATH,RANGING,MEAN_REVERSION,0,RANGING,0,10000.0000,10000.0000,0.0000,0.0000,70941.37,70938.94,1.81,0.005117,0.0000,0.005117,0.00,0.00000000,0,100.0034,1.5000,1.5000,3.0000,21.28,
328,2026-03-23 16:03:58,SLOW_PATH,RANGING,MEAN_REVERSION,0,RANGING,0,10000.0000,10000.0000,0.0000,0.0000,70941.36,70938.94,1.81,0.005117,0.0000,0.005117,0.00,0.00000000,0,100.0034,1.5000,1.5000,3.0000,21.28,
329,2026-03-23 16:03:58,SLOW_PATH,RANGING,MEAN_REVERSION,0,RANGING,0,10000.0000,10000.0000,0.0000,0.0000,70941.36,70938.94,1.81,0.005117,0.0000,0.005117,0.00,0.00000000,0,100.0034,1.5000,1.5000,3.0000,21.28,
330,2026-03-23 16:03:58,SLOW_PATH,RANGING,MEAN_REVERSION,0,RANGING,0,10000.0000,10000.0000,0.0000,0.0000,70941.36,70938.94,1.81,0.005117,0.0000,0.005117,0.00,0.00000000,0,100.0034,1.5000,1.5000,3.0000,21.28,
331,2026-03-23 16:03:58,SLOW_PATH,RANGING,MEAN_REVERSION,0,RANGING,0,10000.0000,10000.0000,0.0000,0.0000,70941.36,70938.94,1.81,0.005117,0.0000,0.005117,0.00,0.00000000,0,100.0034,1.5000,1.5000,3.0000,21.28,
332,2026-03-23 16:03:58,SLOW_PATH,RANGING,MEAN_REVERSION,0,RANGING,0,10000.0000,10000.0000,0.0000,0.0000,70941.36,70938.94,1.81,0.005117,0.0000,0.005117,0.00,0.00000000,0,100.0034,1.5000,1.5000,3.0000,21.28,
333,2026-03-23 16:03:58,SLOW_PATH,RANGING,MEAN_REVERSION,0,RANGING,0,10000.0000,10000.0000,0.0000,0.0000,70941.36,70938.94,1.81,0.005117,0.0000,0.005117,0.00,0.00000000,0,100.0034,1.5000,1.5000,3.0000,21.28,
334,2026-03-23 16:03:58,SLOW_PATH,RANGING,MEAN_REVERSION,0,RANGING,0,10000.0000,10000.0000,0.0000,0.0000,70941.36,70938.94,1.81,0.005117,0.0000,0.005117,0.00,0.00000000,0,100.0034,1.5000,1.5000,3.0000,21.28,
335,2026-03-23 16:03:58,SLOW_PATH,RANGING,MEAN_REVERSION,0,RANGING,0,10000.0000,10000.0000,0.0000,0.0000,70941.36,70938.94,1.81,0.005117,0.0000,0.005117,0.00,0.00000000,0,100.0034,1.5000,1.5000,3.0000,21.28,
336,2026-03-23 16:03:58,SLOW_PATH,RANGING,MEAN_REVERSION,0,RANGING,0,10000.0000,10000.0000,0.0000,0.0000,70941.36,70938.94,1.81,0.005117,0.0000,0.005117,0.00,0.00000000,0,100.0034,1.5000,1.5000,3.0000,21.28,
337,2026-03-23 16:03:58,SLOW_PATH,RANGING,MEAN_REVERSION,0,RANGING,0,10000.0000,10000.0000,0.0000,0.0000,70941.36,70938.94,1.81,0.005117,0.0000,0.005117,0.00,0.00000000,0,100.0034,1.5000,1.5000,3.0000,21.28,
338,2026-03-23 16:03:58,SLOW_PATH,RANGING,MEAN_REVERSION,0,RANGING,0,10000.0000,10000.0000,0.0000,0.0000,70941.36,70938.94,1.81,0.005117,0.0000,0.005117,0.00,0.00000000,0,100.0034,1.5000,1.5000,3.0000,21.28,
339,2026-03-23 16:03:58,SLOW_PATH,RANGING,MEAN_REVERSION,0,RANGING,0,10000.0000,10000.0000,0.0000,0.0000,70941.36,70938.94,1.81,0.005117,0.0000,0.005117,0.00,0.00000000,0,100.0034,1.5000,1.5000,3.0000,21.28,
340,2026-03-23 16:03:58,SLOW_PATH,RANGING,MEAN_REVERSION,0,RANGING,0,10000.0000,10000.0000,0.0000,0.0000,70941.36,70938.94,1.81,0.005117,0.0000,0.005117,0.00,0.00000000,0,100.0034,1.5000,1.5000,3.0000,21.28,
341,2026-03-23 16:03:58,SLOW_PATH,RANGING,MEAN_REVERSION,0,RANGING,0,10000.0000,10000.0000,0.0000,0.0000,70941.36,70938.94,1.81,0.005117,0.0000,0.005117,0.00,0.00000000,0,100.0034,1.5000,1.5000,3.0000,21.28,
342,2026-03-23 16:03:58,SLOW_PATH,RANGING,MEAN_REVERSION,0,RANGING,0,10000.0000,10000.0000,0.0000,0.0000,70941.36,70938.94,1.81,0.005117,0.0000,0.005117,0.00,0.00000000,0,100.0034,1.5000,1.5000,3.0000,21.28,
343,2026-03-23 16:03:59,SLOW_PATH,RANGING,MEAN_REVERSION,0,RANGING,0,10000.0000,10000.0000,0.0000,0.0000,70941.36,70938.94,1.81,0.005117,0.0000,0.005117,0.00,0.00000000,0,100.0034,1.5000,1.5000,3.0000,21.28,
344,2026-03-23 16:03:59,SLOW_PATH,RANGING,MEAN_REVERSION,0,RANGING,0,10000.0000,10000.0000,0.0000,0.0000,70941.37,70938.94,1.81,0.005117,0.0000,0.005117,0.00,0.00000000,0,100.0034,1.5000,1.5000,3.0000,21.28,
345,2026-03-23 16:03:59,SLOW_PATH,RANGING,MEAN_REVERSION,0,RANGING,0,10000.0000,10000.0000,0.0000,0.0000,70941.37,70938.94,1.81,0.005117,0.0000,0.005117,0.00,0.00000000,0,100.0034,1.5000,1.5000,3.0000,21.28,
346,2026-03-23 16:03:59,SLOW_PATH,RANGING,MEAN_REVERSION,0,RANGING,0,10000.0000,10000.0000,0.0000,0.0000,70941.37,70938.94,1.81,0.005117,0.0000,0.005117,0.00,0.00000000,0,100.0034,1.5000,1.5000,3.0000,21.28,
347,2026-03-23 16:03:59,SLOW_PATH,RANGING,MEAN_REVERSION,0,RANGING,0,10000.0000,10000.0000,0.0000,0.0000,70941.37,70938.94,1.81,0.005117,0.0000,0.005117,0.00,0.00000000,0,100.0034,1.5000,1.5000,3.0000,21.28,
348,2026-03-23 16:03:59,SLOW_PATH,RANGING,MEAN_REVERSION,0,RANGING,0,10000.0000,10000.0000,0.0000,0.0000,70941.37,70938.94,1.81,0.005117,0.0000,0.005117,0.00,0.00000000,0,100.0034,1.5000,1.5000,3.0000,21.28,
349,2026-03-23 16:03:59,SLOW_PATH,RANGING,MEAN_REVERSION,0,RANGING,0,10000.0000,10000.0000,0.0000,0.0000,70941.37,70938.94,1.81,0.005117,0.0000,0.005117,0.00,0.00000000,0,100.0034,1.5000,1.5000,3.0000,21.28,
350,2026-03-23 16:03:59,SLOW_PATH,RANGING,MEAN_REVERSION,0,RANGING,0,10000.0000,10000.0000,0.0000,0.0000,70941.37,70938.94,1.81,0.005117,0.0000,0.005117,0.00,0.00000000,0,100.0034,1.5000,1.5000,3.0000,21.28,
351,2026-03-23 16:03:59,SLOW_PATH,RANGING,MEAN_REVERSION,0,RANGING,0,10000.0000,10000.0000,0.0000,0.0000,70941.36,70938.94,1.81,0.005117,0.0000,0.005117,0.00,0.00000000,0,100.0034,1.5000,1.5000,3.0000,21.28,
352,2026-03-23 16:03:59,SLOW_PATH,RANGING,MEAN_REVERSION,0,RANGING,0,10000.0000,10000.0000,0.0000,0.0000,70941.36,70938.94,1.81,0.005117,0.0000,0.005117,0.00,0.00000000,0,100.0034,1.5000,1.5000,3.0000,21.28,
353,2026-03-23 16:03:59,SLOW_PATH,RANGING,MEAN_REVERSION,0,RANGING,0,10000.0000,10000.0000,0.0000,0.0000,70941.36,70938.94,1.81,0.005117,0.0000,0.005117,0.00,0.00000000,0,100.0034,1.5000,1.5000,3.0000,21.28,
354,2026-03-23 16:03:59,SLOW_PATH,RANGING,MEAN_REVERSION,0,RANGING,0,10000.0000,10000.0000,0.0000,0.0000,70941.37,70938.94,1.81,0.005117,0.0000,0.005117,0.00,0.00000000,0,100.0034,1.5000,1.5000,3.0000,21.28,
355,2026-03-23 16:04:00,SLOW_PATH,RANGING,MEAN_REVERSION,0,RANGING,0,10000.0000,10000.0000,0.0000,0.0000,70941.37,70938.94,1.81,0.005117,0.0000,0.005117,0.00,0.00000000,0,100.0034,1.5000,1.5000,3.0000,21.28,
356,2026-03-23 16:04:00,SLOW_PATH,RANGING,MEAN_REVERSION,0,RANGING,0,10000.0000,10000.0000,0.0000,0.0000,70941.37,70938.94,1.81,0.005117,0.0000,0.005117,0.00,0.00000000,0,100.0034,1.5000,1.5000,3.0000,21.28,
357,2026-03-23 16:04:00,SLOW_PATH,RANGING,MEAN_REVERSION,0,RANGING,0,10000.0000,10000.0000,0.0000,0.0000,70941.37,70938.94,1.81,0.005117,0.0000,0.005117,0.00,0.00000000,0,100.0034,1.5000,1.5000,3.0000,21.28,
358,2026-03-23 16:04:00,SLOW_PATH,RANGING,MEAN_REVERSION,0,RANGING,0,10000.0000,10000.0000,0.0000,0.0000,70941.37,70938.94,1.81,0.005117,0.0000,0.005117,0.00,0.00000000,0,100.0034,1.5000,1.5000,3.0000,21.28,
359,2026-03-23 16:04:00,SLOW_PATH,RANGING,MEAN_REVERSION,0,RANGING,0,10000.0000,10000.0000,0.0000,0.0000,70941.37,70938.94,1.81,0.005117,0.0000,0.005117,0.00,0.00000000,0,100.0034,1.5000,1.5000,3.0000,21.28,
360,2026-03-23 16:04:00,SLOW_PATH,RANGING,MEAN_REVERSION,0,RANGING,0,10000.0000,10000.0000,0.0000,0.0000,70941.37,70938.94,1.81,0.005117,0.0000,0.005117,0.00,0.00000000,0,100.0034,1.5000,1.5000,3.0000,21.28,
361,2026-03-23 16:04:00,SLOW_PATH,RANGING,MEAN_REVERSION,0,RANGING,0,10000.0000,10000.0000,0.0000,0.0000,70941.37,70938.94,1.81,0.005117,0.0000,0.005117,0.00,0.00000000,0,100.0034,1.5000,1.5000,3.0000,21.28,
362,2026-03-23 16:04:00,SLOW_PATH,RANGING,MEAN_REVERSION,0,RANGING,0,10000.0000,10000.0000,0.0000,0.0000,70941.37,70938.94,1.81,0.005117,0.0000,0.005117,0.00,0.00000000,0,100.0034,1.5000,1.5000,3.0000,21.28,
363,2026-03-23 16:04:00,SLOW_PATH,RANGING,MEAN_REVERSION,0,RANGING,0,10000.0000,10000.0000,0.0000,0.0000,70941.37,70938.94,1.81,0.005117,0.0000,0.005117,0.00,0.00000000,0,100.0034,1.5000,1.5000,3.0000,21.28,
364,2026-03-23 16:04:00,SLOW_PATH,RANGING,MEAN_REVERSION,0,RANGING,0,10000.0000,10000.0000,0.0000,0.0000,70941.37,70938.94,1.81,0.005117,0.0000,0.005117,0.00,0.00000000,0,100.0034,1.5000,1.5000,3.0000,21.28,
365,2026-03-23 16:04:00,SLOW_PATH,RANGING,MEAN_REVERSION,0,RANGING,0,10000.0000,10000.0000,0.0000,0.0000,70941.37,70938.94,1.81,0.005117,0.0000,0.005117,0.00,0.00000000,0,100.0034,1.5000,1.5000,3.0000,21.28,
366,2026-03-23 16:04:00,SLOW_PATH,RANGING,MEAN_REVERSION,0,RANGING,0,10000.0000,10000.0000,0.0000,0.0000,70941.37,70938.94,1.81,0.005117,0.0000,0.005117,0.00,0.00000000,0,100.0034,1.5000,1.5000,3.0000,21.28,
367,2026-03-23 16:04:00,SLOW_PATH,RANGING,MEAN_REVERSION,0,RANGING,0,10000.0000,10000.0000,0.0000,0.0000,70941.37,70938.94,1.81,0.005117,0.0000,0.005117,0.00,0.00000000,0,100.0034,1.5000,1.5000,3.0000,21.28,
368,2026-03-23 16:04:00,SLOW_PATH,RANGING,MEAN_REVERSION,0,RANGING,0,10000.0000,10000.0000,0.0000,0.0000,70941.37,70938.94,1.81,0.005117,0.0000,0.005117,0.00,0.00000000,0,100.0034,1.5000,1.5000,3.0000,21.28,
369,2026-03-23 16:04:01,SLOW_PATH,RANGING,MEAN_REVERSION,0,RANGING,0,10000.0000,10000.0000,0.0000,0.0000,70941.37,70938.94,1.81,0.005117,0.0000,0.005117,0.00,0.00000000,0,100.0034,1.5000,1.5000,3.0000,21.28,
370,2026-03-23 16:04:01,SLOW_PATH,RANGING,MEAN_REVERSION,0,RANGING,0,10000.0000,10000.0000,0.0000,0.0000,70941.37,70938.94,1.81,0.005117,0.0000,0.005117,0.00,0.00000000,0,100.0034,1.5000,1.5000,3.0000,21.28,
371,2026-03-23 16:04:01,SLOW_PATH,RANGING,MEAN_REVERSION,0,RANGING,0,10000.0000,10000.0000,0.0000,0.0000,70941.36,70938.94,1.81,0.005117,0.0000,0.005117,0.00,0.00000000,0,100.0034,1.5000,1.5000,3.0000,21.28,
372,2026-03-23 16:04:01,SLOW_PATH,RANGING,MEAN_REVERSION,0,RANGING,0,10000.0000,10000.0000,0.0000,0.0000,70941.36,70938.94,1.81,0.005117,0.0000,0.005117,0.00,0.00000000,0,100.0034,1.5000,1.5000,3.0000,21.28,
373,2026-03-23 16:04:01,SLOW_PATH,RANGING,MEAN_REVERSION,0,RANGING,0,10000.0000,10000.0000,0.0000,0.0000,70941.36,70938.94,1.81,0.005117,0.0000,0.005117,0.00,0.00000000,0,100.0034,1.5000,1.5000,3.0000,21.28,
374,2026-03-23 16:04:01,SLOW_PATH,RANGING,MEAN_REVERSION,0,RANGING,0,10000.0000,10000.0000,0.0000,0.0000,70941.36,70938.94,1.81,0.005117,0.0000,0.005117,0.00,0.00000000,0,100.0034,1.5000,1.5000,3.0000,21.28,
375,2026-03-23 16:04:01,SLOW_PATH,RANGING,MEAN_REVERSION,0,RANGING,0,10000.0000,10000.0000,0.0000,0.0000,70941.36,70938.94,1.81,0.005117,0.0000,0.005117,0.00,0.00000000,0,100.0034,1.5000,1.5000,3.0000,21.28,
376,2026-03-23 16:04:01,SLOW_PATH,RANGING,MEAN_REVERSION,0,RANGING,0,10000.0000,10000.0000,0.0000,0.0000,70941.36,70938.94,1.81,0.005117,0.0000,0.005117,0.00,0.00000000,0,100.0034,1.5000,1.5000,3.0000,21.28,
377,2026-03-23 16:04:01,SLOW_PATH,RANGING,MEAN_REVERSION,0,RANGING,0,10000.0000,10000.0000,0.0000,0.0000,70941.36,70938.94,1.81,0.005117,0.0000,0.005117,0.00,0.00000000,0,100.0034,1.5000,1.5000,3.0000,21.28,
378,2026-03-23 16:04:01,SLOW_PATH,RANGING,MEAN_REVERSION,0,RANGING,0,10000.0000,10000.0000,0.0000,0.0000,70941.36,70938.94,1.81,0.005117,0.0000,0.005117,0.00,0.00000000,0,100.0034,1.5000,1.5000,3.0000,21.28,
379,2026-03-23 16:04:01,SLOW_PATH,RANGING,MEAN_REVERSION,0,RANGING,0,10000.0000,10000.0000,0.0000,0.0000,70941.36,70938.94,1.81,0.005117,0.0000,0.005117,0.00,0.00000000,0,100.0034,1.5000,1.5000,3.0000,21.28,
380,2026-03-23 16:04:01,SLOW_PATH,RANGING,MEAN_REVERSION,0,RANGING,0,10000.0000,10000.0000,0.0000,0.0000,70941.36,70938.94,1.81,0.005117,0.0000,0.005117,0.00,0.00000000,0,100.0034,1.5000,1.5000,3.0000,21.28,
381,2026-03-23 16:04:02,SLOW_PATH,RANGING,MEAN_REVERSION,0,RANGING,0,10000.0000,10000.0000,0.0000,0.0000,70941.36,70938.94,1.81,0.005117,0.0000,0.005117,0.00,0.00000000,0,100.0034,1.5000,1.5000,3.0000,21.28,
382,2026-03-23 16:04:02,SLOW_PATH,RANGING,MEAN_REVERSION,0,RANGING,0,10000.0000,10000.0000,0.0000,0.0000,70941.36,70938.94,1.81,0.005117,0.0000,0.005117,0.00,0.00000000,0,100.0034,1.5000,1.5000,3.0000,21.28,
383,2026-03-23 16:04:02,SLOW_PATH,RANGING,MEAN_REVERSION,0,RANGING,0,10000.0000,10000.0000,0.0000,0.0000,70941.36,70938.94,1.81,0.005117,0.0000,0.005117,0.00,0.00000000,0,100.0034,1.5000,1.5000,3.0000,21.28,
384,2026-03-23 16:04:02,SLOW_PATH,RANGING,MEAN_REVERSION,0,RANGING,0,10000.0000,10000.0000,0.0000,0.0000,70941.36,70938.94,1.81,0.005117,0.0000,0.005117,0.00,0.00000000,0,100.0034,1.5000,1.5000,3.0000,21.28,
385,2026-03-23 16:04:02,SLOW_PATH,RANGING,MEAN_REVERSION,0,RANGING,0,10000.0000,10000.0000,0.0000,0.0000,70941.36,70938.94,1.81,0.005117,0.0000,0.005117,0.00,0.00000000,0,100.0034,1.5000,1.5000,3.0000,21.28,
386,2026-03-23 16:04:02,SLOW_PATH,RANGING,MEAN_REVERSION,0,RANGING,0,10000.0000,10000.0000,0.0000,0.0000,70941.36,70938.94,1.81,0.005117,0.0000,0.005117,0.00,0.00000000,0,100.0034,1.5000,1.5000,3.0000,21.28,
387,2026-03-23 16:04:02,SLOW_PATH,RANGING,MEAN_REVERSION,0,RANGING,0,10000.0000,10000.0000,0.0000,0.0000,70941.36,70938.94,1.81,0.005117,0.0000,0.005117,0.00,0.00000000,0,100.0034,1.5000,1.5000,3.0000,21.28,
388,2026-03-23 16:04:02,SLOW_PATH,RANGING,MEAN_REVERSION,0,RANGING,0,10000.0000,10000.0000,0.0000,0.0000,70941.36,70938.94,1.81,0.005117,0.0000,0.005117,0.00,0.00000000,0,100.0034,1.5000,1.5000,3.0000,21.28,
389,2026-03-23 16:04:02,SLOW_PATH,RANGING,MEAN_REVERSION,0,RANGING,0,10000.0000,10000.0000,0.0000,0.0000,70941.36,70938.94,1.81,0.005117,0.0000,0.005117,0.00,0.00000000,0,100.0034,1.5000,1.5000,3.0000,21.28,
390,2026-03-23 16:04:02,SLOW_PATH,RANGING,MEAN_REVERSION,0,RANGING,0,10000.0000,10000.0000,0.0000,0.0000,70941.36,70938.94,1.81,0.005117,0.0000,0.005117,0.00,0.00000000,0,100.0034,1.5000,1.5000,3.0000,21.28,
391,2026-03-23 16:04:02,SLOW_PATH,RANGING,MEAN_REVERSION,0,RANGING,0,10000.0000,10000.0000,0.0000,0.0000,70941.36,70938.94,1.81,0.005117,0.0000,0.005117,0.00,0.00000000,0,100.0034,1.5000,1.5000,3.0000,21.28,
392,2026-03-23 16:04:02,SLOW_PATH,RANGING,MEAN_REVERSION,0,RANGING,0,10000.0000,10000.0000,0.0000,0.0000,70941.36,70938.94,1.81,0.005117,0.0000,0.005117,0.00,0.00000000,0,100.0034,1.5000,1.5000,3.0000,21.28,
393,2026-03-23 16:04:02,SLOW_PATH,RANGING,MEAN_REVERSION,0,RANGING,0,10000.0000,10000.0000,0.0000,0.0000,70941.36,70938.94,1.81,0.005117,0.0000,0.005117,0.00,0.00000000,0,100.0034,1.5000,1.5000,3.0000,21.28,
394,2026-03-23 16:04:02,SLOW_PATH,RANGING,MEAN_REVERSION,0,RANGING,0,10000.0000,10000.0000,0.0000,0.0000,70941.36,70938.94,1.81,0.005117,0.0000,0.005117,0.00,0.00000000,0,100.0034,1.5000,1.5000,3.0000,21.28,
395,2026-03-23 16:04:03,SLOW_PATH,RANGING,MEAN_REVERSION,0,RANGING,0,10000.0000,10000.0000,0.0000,0.0000,70941.36,70938.94,1.81,0.005117,0.0000,0.005117,0.00,0.00000000,0,100.0034,1.5000,1.5000,3.0000,21.28,
396,2026-03-23 16:04:03,SLOW_PATH,RANGING,MEAN_REVERSION,0,RANGING,0,10000.0000,10000.0000,0.0000,0.0000,70941.36,70938.94,1.81,0.005117,0.0000,0.005117,0.00,0.00000000,0,100.0034,1.5000,1.5000,3.0000,21.28,
397,2026-03-23 16:04:03,SLOW_PATH,RANGING,MEAN_REVERSION,0,RANGING,0,10000.0000,10000.0000,0.0000,0.0000,70941.36,70938.94,1.81,0.005117,0.0000,0.005117,0.00,0.00000000,0,100.0034,1.5000,1.5000,3.0000,21.28,
398,2026-03-23 16:04:03,SLOW_PATH,RANGING,MEAN_REVERSION,0,RANGING,0,10000.0000,10000.0000,0.0000,0.0000,70941.36,70938.94,1.81,0.005117,0.0000,0.005117,0.00,0.00000000,0,100.0034,1.5000,1.5000,3.0000,21.28,
399,2026-03-23 16:04:03,SLOW_PATH,RANGING,MEAN_REVERSION,0,RANGING,0,10000.0000,10000.0000,0.0000,0.0000,70941.36,70938.94,1.81,0.005117,0.0000,0.005117,0.00,0.00000000,0,100.0034,1.5000,1.5000,3.0000,21.28,
400,2026-03-23 16:04:03,SLOW_PATH,RANGING,MEAN_REVERSION,0,RANGING,0,10000.0000,10000.0000,0.0000,0.0000,70941.36,70939.54,1.81,0.003070,0.0000,0.003070,0.00,0.00000000,0,100.0026,1.5000,1.5000,3.0000,21.28,
401,2026-03-23 16:04:03,SLOW_PATH,RANGING,MEAN_REVERSION,0,RANGING,0,10000.0000,10000.0000,0.0000,0.0000,70941.37,70939.54,1.81,0.003070,0.0000,0.003070,0.00,0.00000000,0,100.0026,1.5000,1.5000,3.0000,21.28,
402,2026-03-23 16:04:03,SLOW_PATH,RANGING,MEAN_REVERSION,0,RANGING,0,10000.0000,10000.0000,0.0000,0.0000,70941.36,70939.54,1.81,0.003070,0.0000,0.003070,0.00,0.00000000,0,100.0026,1.5000,1.5000,3.0000,21.28,
403,2026-03-23 16:04:03,SLOW_PATH,RANGING,MEAN_REVERSION,0,RANGING,0,10000.0000,10000.0000,0.0000,0.0000,70941.36,70939.54,1.81,0.003070,0.0000,0.003070,0.00,0.00000000,0,100.0026,1.5000,1.5000,3.0000,21.28,
404,2026-03-23 16:04:03,SLOW_PATH,RANGING,MEAN_REVERSION,0,RANGING,0,10000.0000,10000.0000,0.0000,0.0000,70941.36,70939.54,1.81,0.003070,0.0000,0.003070,0.00,0.00000000,0,100.0026,1.5000,1.5000,3.0000,21.28,
405,2026-03-23 16:04:03,SLOW_PATH,RANGING,MEAN_REVERSION,0,RANGING,0,10000.0000,10000.0000,0.0000,0.0000,70941.36,70939.54,1.81,0.003070,0.0000,0.003070,0.00,0.00000000,0,100.0026,1.5000,1.5000,3.0000,21.28,
406,2026-03-23 16:04:03,SLOW_PATH,RANGING,MEAN_REVERSION,0,RANGING,0,10000.0000,10000.0000,0.0000,0.0000,70941.37,70939.54,1.81,0.003070,0.0000,0.003070,0.00,0.00000000,0,100.0026,1.5000,1.5000,3.0000,21.28,
407,2026-03-23 16:04:03,SLOW_PATH,RANGING,MEAN_REVERSION,0,RANGING,0,10000.0000,10000.0000,0.0000,0.0000,70941.37,70939.54,1.81,0.003070,0.0000,0.003070,0.00,0.00000000,0,100.0026,1.5000,1.5000,3.0000,21.28,
408,2026-03-23 16:04:03,SLOW_PATH,RANGING,MEAN_REVERSION,0,RANGING,0,10000.0000,10000.0000,0.0000,0.0000,70941.37,70939.54,1.81,0.003070,0.0000,0.003070,0.00,0.00000000,0,100.0026,1.5000,1.5000,3.0000,21.28,
409,2026-03-23 16:04:03,SLOW_PATH,RANGING,MEAN_REVERSION,0,RANGING,0,10000.0000,10000.0000,0.0000,0.0000,70941.37,70939.54,1.81,0.003070,0.0000,0.003070,0.00,0.00000000,0,100.0026,1.5000,1.5000,3.0000,21.28,
410,2026-03-23 16:04:04,SLOW_PATH,RANGING,MEAN_REVERSION,0,RANGING,0,10000.0000,10000.0000,0.0000,0.0000,70941.37,70939.54,1.81,0.003070,0.0000,0.003070,0.00,0.00000000,0,100.0026,1.5000,1.5000,3.0000,21.28,
411,2026-03-23 16:04:04,SLOW_PATH,RANGING,MEAN_REVERSION,0,RANGING,0,10000.0000,10000.0000,0.0000,0.0000,70941.37,70939.54,1.81,0.003070,0.0000,0.003070,0.00,0.00000000,0,100.0026,1.5000,1.5000,3.0000,21.28,
412,2026-03-23 16:04:04,SLOW_PATH,RANGING,MEAN_REVERSION,0,RANGING,0,10000.0000,10000.0000,0.0000,0.0000,70941.37,70939.54,1.81,0.003070,0.0000,0.003070,0.00,0.00000000,0,100.0026,1.5000,1.5000,3.0000,21.28,
413,2026-03-23 16:04:04,SLOW_PATH,RANGING,MEAN_REVERSION,0,RANGING,0,10000.0000,10000.0000,0.0000,0.0000,70941.37,70939.54,1.81,0.003070,0.0000,0.003070,0.00,0.00000000,0,100.0026,1.5000,1.5000,3.0000,21.28,
414,2026-03-23 16:04:04,SLOW_PATH,RANGING,MEAN_REVERSION,0,RANGING,0,10000.0000,10000.0000,0.0000,0.0000,70941.37,70939.54,1.81,0.003070,0.0000,0.003070,0.00,0.00000000,0,100.0026,1.5000,1.5000,3.0000,21.28,
415,2026-03-23 16:04:04,SLOW_PATH,RANGING,MEAN_REVERSION,0,RANGING,0,10000.0000,10000.0000,0.0000,0.0000,70941.37,70939.54,1.81,0.003070,0.0000,0.003070,0.00,0.00000000,0,100.0026,1.5000,1.5000,3.0000,21.28,
416,2026-03-23 16:04:04,SLOW_PATH,RANGING,MEAN_REVERSION,0,RANGING,0,10000.0000,10000.0000,0.0000,0.0000,70941.37,70939.54,1.81,0.003070,0.0000,0.003070,0.00,0.00000000,0,100.0026,1.5000,1.5000,3.0000,21.28,
417,2026-03-23 16:04:04,SLOW_PATH,RANGING,MEAN_REVERSION,0,RANGING,0,10000.0000,10000.0000,0.0000,0.0000,70941.37,70939.54,1.81,0.003070,0.0000,0.003070,0.00,0.00000000,0,100.0026,1.5000,1.5000,3.0000,21.28,
418,2026-03-23 16:04:04,SLOW_PATH,RANGING,MEAN_REVERSION,0,RANGING,0,10000.0000,10000.0000,0.0000,0.0000,70941.37,70939.54,1.81,0.003070,0.0000,0.003070,0.00,0.00000000,0,100.0026,1.5000,1.5000,3.0000,21.28,
419,2026-03-23 16:04:04,SLOW_PATH,RANGING,MEAN_REVERSION,0,RANGING,0,10000.0000,10000.0000,0.0000,0.0000,70941.37,70939.54,1.81,0.003070,0.0000,0.003070,0.00,0.00000000,0,100.0026,1.5000,1.5000,3.0000,21.28,
420,2026-03-23 16:04:04,SLOW_PATH,RANGING,MEAN_REVERSION,0,RANGING,0,10000.0000,10000.0000,0.0000,0.0000,70941.37,70939.54,1.81,0.003070,0.0000,0.003070,0.00,0.00000000,0,100.0026,1.5000,1.5000,3.0000,21.28,
421,2026-03-23 16:04:04,SLOW_PATH,RANGING,MEAN_REVERSION,0,RANGING,0,10000.0000,10000.0000,0.0000,0.0000,70941.37,70939.54,1.81,0.003070,0.0000,0.003070,0.00,0.00000000,0,100.0026,1.5000,1.5000,3.0000,21.28,
422,2026-03-23 16:04:05,SLOW_PATH,RANGING,MEAN_REVERSION,0,RANGING,0,10000.0000,10000.0000,0.0000,0.0000,70941.37,70939.54,1.81,0.003070,0.0000,0.003070,0.00,0.00000000,0,100.0026,1.5000,1.5000,3.0000,21.28,
423,2026-03-23 16:04:05,SLOW_PATH,RANGING,MEAN_REVERSION,0,RANGING,0,10000.0000,10000.0000,0.0000,0.0000,70941.37,70939.54,1.81,0.003070,0.0000,0.003070,0.00,0.00000000,0,100.0026,1.5000,1.5000,3.0000,21.28,
424,2026-03-23 16:04:05,SLOW_PATH,RANGING,MEAN_REVERSION,0,RANGING,0,10000.0000,10000.0000,0.0000,0.0000,70941.37,70939.54,1.81,0.003070,0.0000,0.003070,0.00,0.00000000,0,100.0026,1.5000,1.5000,3.0000,21.28,
425,2026-03-23 16:04:05,SLOW_PATH,RANGING,MEAN_REVERSION,0,RANGING,0,10000.0000,10000.0000,0.0000,0.0000,70941.37,70939.54,1.81,0.003070,0.0000,0.003070,0.00,0.00000000,0,100.0026,1.5000,1.5000,3.0000,21.28,
426,2026-03-23 16:04:05,SLOW_PATH,RANGING,MEAN_REVERSION,0,RANGING,0,10000.0000,10000.0000,0.0000,0.0000,70941.37,70939.54,1.81,0.003070,0.0000,0.003070,0.00,0.00000000,0,100.0026,1.5000,1.5000,3.0000,21.28,
427,2026-03-23 16:04:05,SLOW_PATH,RANGING,MEAN_REVERSION,0,RANGING,0,10000.0000,10000.0000,0.0000,0.0000,70941.37,70939.54,1.81,0.003070,0.0000,0.003070,0.00,0.00000000,0,100.0026,1.5000,1.5000,3.0000,21.28,
428,2026-03-23 16:04:05,SLOW_PATH,RANGING,MEAN_REVERSION,0,RANGING,0,10000.0000,10000.0000,0.0000,0.0000,70941.37,70939.54,1.81,0.003070,0.0000,0.003070,0.00,0.00000000,0,100.0026,1.5000,1.5000,3.0000,21.28,
429,2026-03-23 16:04:05,SLOW_PATH,RANGING,MEAN_REVERSION,0,RANGING,0,10000.0000,10000.0000,0.0000,0.0000,70941.37,70939.54,1.81,0.003070,0.0000,0.003070,0.00,0.00000000,0,100.0026,1.5000,1.5000,3.0000,21.28,
430,2026-03-23 16:04:05,SLOW_PATH,RANGING,MEAN_REVERSION,0,RANGING,0,10000.0000,10000.0000,0.0000,0.0000,70941.37,70939.54,1.81,0.003070,0.0000,0.003070,0.00,0.00000000,0,100.0026,1.5000,1.5000,3.0000,21.28,
431,2026-03-23 16:04:05,SLOW_PATH,RANGING,MEAN_REVERSION,0,RANGING,0,10000.0000,10000.0000,0.0000,0.0000,70941.37,70939.54,1.81,0.003070,0.0000,0.003070,0.00,0.00000000,0,100.0026,1.5000,1.5000,3.0000,21.28,
432,2026-03-23 16:04:06,SLOW_PATH,RANGING,MEAN_REVERSION,0,RANGING,0,10000.0000,10000.0000,0.0000,0.0000,70941.37,70939.54,1.81,0.003070,0.0000,0.003070,0.00,0.00000000,0,100.0026,1.5000,1.5000,3.0000,21.28,
433,2026-03-23 16:04:06,SLOW_PATH,RANGING,MEAN_REVERSION,0,RANGING,0,10000.0000,10000.0000,0.0000,0.0000,70941.37,70939.54,1.81,0.003070,0.0000,0.003070,0.00,0.00000000,0,100.0026,1.5000,1.5000,3.0000,21.28,
434,2026-03-23 16:04:06,SLOW_PATH,RANGING,MEAN_REVERSION,0,RANGING,0,10000.0000,10000.0000,0.0000,0.0000,70941.37,70939.54,1.81,0.003070,0.0000,0.003070,0.00,0.00000000,0,100.0026,1.5000,1.5000,3.0000,21.28,
435,2026-03-23 16:04:06,SLOW_PATH,RANGING,MEAN_REVERSION,0,RANGING,0,10000.0000,10000.0000,0.0000,0.0000,70941.37,70939.54,1.81,0.003070,0.0000,0.003070,0.00,0.00000000,0,100.0026,1.5000,1.5000,3.0000,21.28,
436,2026-03-23 16:04:06,SLOW_PATH,RANGING,MEAN_REVERSION,0,RANGING,0,10000.0000,10000.0000,0.0000,0.0000,70941.37,70939.54,1.81,0.003070,0.0000,0.003070,0.00,0.00000000,0,100.0026,1.5000,1.5000,3.0000,21.28,
437,2026-03-23 16:04:06,SLOW_PATH,RANGING,MEAN_REVERSION,0,RANGING,0,10000.0000,10000.0000,0.0000,0.0000,70941.37,70939.54,1.81,0.003070,0.0000,0.003070,0.00,0.00000000,0,100.0026,1.5000,1.5000,3.0000,21.28,
438,2026-03-23 16:04:06,SLOW_PATH,RANGING,MEAN_REVERSION,0,RANGING,0,10000.0000,10000.0000,0.0000,0.0000,70941.37,70939.54,1.81,0.003070,0.0000,0.003070,0.00,0.00000000,0,100.0026,1.5000,1.5000,3.0000,21.28,
439,2026-03-23 16:04:06,SLOW_PATH,RANGING,MEAN_REVERSION,0,RANGING,0,10000.0000,10000.0000,0.0000,0.0000,70941.37,70939.54,1.81,0.003070,0.0000,0.003070,0.00,0.00000000,0,100.0026,1.5000,1.5000,3.0000,21.28,
440,2026-03-23 16:04:06,SLOW_PATH,RANGING,MEAN_REVERSION,0,RANGING,0,10000.0000,10000.0000,0.0000,0.0000,70941.37,70939.54,1.81,0.003070,0.0000,0.003070,0.00,0.00000000,0,100.0026,1.5000,1.5000,3.0000,21.28,
441,2026-03-23 16:04:06,SLOW_PATH,RANGING,MEAN_REVERSION,0,RANGING,0,10000.0000,10000.0000,0.0000,0.0000,70941.37,70939.54,1.81,0.003070,0.0000,0.003070,0.00,0.00000000,0,100.0026,1.5000,1.5000,3.0000,21.28,
442,2026-03-23 16:04:07,SLOW_PATH,RANGING,MEAN_REVERSION,0,RANGING,0,10000.0000,10000.0000,0.0000,0.0000,70941.37,70939.54,1.81,0.003070,0.0000,0.003070,0.00,0.00000000,0,100.0026,1.5000,1.5000,3.0000,21.28,
443,2026-03-23 16:04:07,SLOW_PATH,RANGING,MEAN_REVERSION,0,RANGING,0,10000.0000,10000.0000,0.0000,0.0000,70941.36,70939.54,1.81,0.003070,0.0000,0.003070,0.00,0.00000000,0,100.0026,1.5000,1.5000,3.0000,21.28,
444,2026-03-23 16:04:07,SLOW_PATH,RANGING,MEAN_REVERSION,0,RANGING,0,10000.0000,10000.0000,0.0000,0.0000,70941.37,70939.54,1.81,0.003070,0.0000,0.003070,0.00,0.00000000,0,100.0026,1.5000,1.5000,3.0000,21.28,
445,2026-03-23 16:04:07,SLOW_PATH,RANGING,MEAN_REVERSION,0,RANGING,0,10000.0000,10000.0000,0.0000,0.0000,70941.37,70939.54,1.81,0.003070,0.0000,0.003070,0.00,0.00000000,0,100.0026,1.5000,1.5000,3.0000,21.28,
446,2026-03-23 16:04:07,SLOW_PATH,RANGING,MEAN_REVERSION,0,RANGING,0,10000.0000,10000.0000,0.0000,0.0000,70941.37,70939.54,1.81,0.003070,0.0000,0.003070,0.00,0.00000000,0,100.0026,1.5000,1.5000,3.0000,21.28,
447,2026-03-23 16:04:07,SLOW_PATH,RANGING,MEAN_REVERSION,0,RANGING,0,10000.0000,10000.0000,0.0000,0.0000,70941.36,70939.54,1.81,0.003070,0.0000,0.003070,0.00,0.00000000,0,100.0026,1.5000,1.5000,3.0000,21.28,
448,2026-03-23 16:04:07,SLOW_PATH,RANGING,MEAN_REVERSION,0,RANGING,0,10000.0000,10000.0000,0.0000,0.0000,70941.36,70939.54,1.81,0.003070,0.0000,0.003070,0.00,0.00000000,0,100.0026,1.5000,1.5000,3.0000,21.28,
449,2026-03-23 16:04:07,SLOW_PATH,RANGING,MEAN_REVERSION,0,RANGING,0,10000.0000,10000.0000,0.0000,0.0000,70941.36,70939.54,1.81,0.003070,0.0000,0.003070,0.00,0.00000000,0,100.0026,1.5000,1.5000,3.0000,21.28,
450,2026-03-23 16:04:07,SLOW_PATH,RANGING,MEAN_REVERSION,0,RANGING,0,10000.0000,10000.0000,0.0000,0.0000,70941.36,70939.54,1.81,0.003070,0.0000,0.003070,0.00,0.00000000,0,100.0026,1.5000,1.5000,3.0000,21.28,
451,2026-03-23 16:04:07,SLOW_PATH,RANGING,MEAN_REVERSION,0,RANGING,0,10000.0000,10000.0000,0.0000,0.0000,70941.36,70939.54,1.81,0.003070,0.0000,0.003070,0.00,0.00000000,0,100.0026,1.5000,1.5000,3.0000,21.28,
452,2026-03-23 16:04:07,SLOW_PATH,RANGING,MEAN_REVERSION,0,RANGING,0,10000.0000,10000.0000,0.0000,0.0000,70941.36,70939.54,1.81,0.003070,0.0000,0.003070,0.00,0.00000000,0,100.0026,1.5000,1.5000,3.0000,21.28,
453,2026-03-23 16:04:07,SLOW_PATH,RANGING,MEAN_REVERSION,0,RANGING,0,10000.0000,10000.0000,0.0000,0.0000,70941.35,70939.54,1.81,0.003070,0.0000,0.003070,0.00,0.00000000,0,100.0025,1.5000,1.5000,3.0000,21.28,
454,2026-03-23 16:04:07,SLOW_PATH,RANGING,MEAN_REVERSION,0,RANGING,0,10000.0000,10000.0000,0.0000,0.0000,70939.69,70939.54,1.81,0.003070,0.0000,0.003070,0.00,0.00000000,0,100.0002,1.5000,1.5000,3.0000,21.28,
455,2026-03-23 16:04:07,SLOW_PATH,RANGING,MEAN_REVERSION,0,RANGING,0,10000.0000,10000.0000,0.0000,0.0000,70939.69,70939.54,1.81,0.003070,0.0000,0.003070,0.00,0.00000000,0,100.0002,1.5000,1.5000,3.0000,21.28,
456,2026-03-23 16:04:08,SLOW_PATH,RANGING,MEAN_REVERSION,0,RANGING,0,10000.0000,10000.0000,0.0000,0.0000,70939.69,70939.54,1.81,0.003070,0.0000,0.003070,0.00,0.00000000,0,100.0002,1.5000,1.5000,3.0000,21.28,
457,2026-03-23 16:04:08,SLOW_PATH,RANGING,MEAN_REVERSION,0,RANGING,0,10000.0000,10000.0000,0.0000,0.0000,70937.00,70939.54,1.81,0.003070,0.0000,0.003070,0.00,0.00000000,0,99.9964,1.5000,1.5000,3.0000,21.28,
458,2026-03-23 16:04:08,SLOW_PATH,RANGING,MEAN_REVERSION,0,RANGING,0,10000.0000,10000.0000,0.0000,0.0000,70936.17,70939.54,1.81,0.003070,0.0000,0.003070,0.00,0.00000000,0,99.9952,1.5000,1.5000,3.0000,21.28,
459,2026-03-23 16:04:08,SLOW_PATH,RANGING,MEAN_REVERSION,0,RANGING,0,10000.0000,10000.0000,0.0000,0.0000,70936.17,70939.54,1.81,0.003070,0.0000,0.003070,0.00,0.00000000,0,99.9952,1.5000,1.5000,3.0000,21.28,
460,2026-03-23 16:04:08,SLOW_PATH,RANGING,MEAN_REVERSION,0,RANGING,0,10000.0000,10000.0000,0.0000,0.0000,70936.17,70939.54,1.81,0.003070,0.0000,0.003070,0.00,0.00000000,0,99.9952,1.5000,1.5000,3.0000,21.28,
461,2026-03-23 16:04:08,SLOW_PATH,RANGING,MEAN_REVERSION,0,RANGING,0,10000.0000,10000.0000,0.0000,0.0000,70936.17,70939.54,1.81,0.003070,0.0000,0.003070,0.00,0.00000000,0,99.9952,1.5000,1.5000,3.0000,21.28,
462,2026-03-23 16:04:08,SLOW_PATH,RANGING,MEAN_REVERSION,0,RANGING,0,10000.0000,10000.0000,0.0000,0.0000,70936.17,70939.54,1.81,0.003070,0.0000,0.003070,0.00,0.00000000,0,99.9952,1.5000,1.5000,3.0000,21.28,
463,2026-03-23 16:04:08,SLOW_PATH,RANGING,MEAN_REVERSION,0,RANGING,0,10000.0000,10000.0000,0.0000,0.0000,70936.17,70939.54,1.81,0.003070,0.0000,0.003070,0.00,0.00000000,0,99.9952,1.5000,1.5000,3.0000,21.28,
464,2026-03-23 16:04:08,SLOW_PATH,RANGING,MEAN_REVERSION,0,RANGING,0,10000.0000,10000.0000,0.0000,0.0000,70936.17,70939.54,1.81,0.003070,0.0000,0.003070,0.00,0.00000000,0,99.9952,1.5000,1.5000,3.0000,21.28,
465,2026-03-23 16:04:08,SLOW_PATH,RANGING,MEAN_REVERSION,0,RANGING,0,10000.0000,10000.0000,0.0000,0.0000,70936.17,70939.54,1.81,0.003070,0.0000,0.003070,0.00,0.00000000,0,99.9952,1.5000,1.5000,3.0000,21.28,
466,2026-03-23 16:04:08,SLOW_PATH,RANGING,MEAN_REVERSION,0,RANGING,0,10000.0000,10000.0000,0.0000,0.0000,70936.17,70939.54,1.81,0.003070,0.0000,0.003070,0.00,0.00000000,0,99.9952,1.5000,1.5000,3.0000,21.28,
467,2026-03-23 16:04:08,SLOW_PATH,RANGING,MEAN_REVERSION,0,RANGING,0,10000.0000,10000.0000,0.0000,0.0000,70936.17,70939.54,1.81,0.003070,0.0000,0.003070,0.00,0.00000000,0,99.9952,1.5000,1.5000,3.0000,21.28,
468,2026-03-23 16:04:08,SLOW_PATH,RANGING,MEAN_REVERSION,0,RANGING,0,10000.0000,10000.0000,0.0000,0.0000,70936.17,70939.54,1.81,0.003070,0.0000,0.003070,0.00,0.00000000,0,99.9952,1.5000,1.5000,3.0000,21.28,
100,2026-03-23 16:21:00,SLOW_PATH,RANGING,MEAN_REVERSION,0,RANGING,0,10000.0000,10000.0000,0.0000,0.0000,70862.44,0.00,0.00,0.000000,0.0000,0.000000,0.00,0.00000000,0,0.0000,1.5000,1.5000,3.0000,0.00,
200,2026-03-23 16:21:10,SLOW_PATH,RANGING,MEAN_REVERSION,0,RANGING,0,10000.0000,10000.0000,0.0000,0.0000,70862.43,70862.43,0.00,-0.000014,0.0000,-0.000014,0.00,0.00000000,0,100.0000,1.5000,1.5000,3.0000,21.26,
300,2026-03-23 16:21:19,SLOW_PATH,RANGING,MEAN_REVERSION,0,RANGING,0,10000.0000,10000.0000,0.0000,0.0000,70862.44,70862.44,0.00,0.000000,0.0000,0.000000,0.00,0.00000000,0,100.0000,1.5000,1.5000,3.0000,21.26,
400,2026-03-23 16:21:28,SLOW_PATH,RANGING,MEAN_REVERSION,0,RANGING,0,10000.0000,10000.0000,0.0000,0.0000,70862.43,70862.43,0.00,-0.000003,0.0000,-0.000003,0.00,0.00000000,0,100.0000,1.5000,1.5000,3.0000,21.26,
500,2026-03-23 16:21:41,SLOW_PATH,RANGING,MEAN_REVERSION,0,RANGING,0,10000.0000,10000.0000,0.0000,0.0000,70862.43,70862.43,0.00,-0.000003,0.0000,-0.000003,0.00,0.00000000,0,100.0000,1.5000,1.5000,3.0000,21.26,
600,2026-03-23 16:21:50,SLOW_PATH,RANGING,MEAN_REVERSION,0,RANGING,0,10000.0000,10000.0000,0.0000,0.0000,70862.43,70862.43,0.00,-0.000002,0.0000,-0.000002,0.00,0.00000000,0,100.0000,1.5000,1.5000,3.0000,21.26,
700,2026-03-23 16:22:00,SLOW_PATH,RANGING,MEAN_REVERSION,0,RANGING,0,10000.0000,10000.0000,0.0000,0.0000,70867.29,70863.13,1.22,0.000733,0.0000,0.000733,0.00,0.00000000,0,100.0059,1.5000,1.5000,3.0000,21.26,
100,2026-03-23 16:22:41,SLOW_PATH,RANGING,MEAN_REVERSION,0,RANGING,0,10000.0000,10000.0000,0.0000,0.0000,70867.29,0.00,0.00,0.000000,0.0000,0.000000,0.00,0.00000000,0,0.0000,1.5000,1.5000,3.0000,0.00,
200,2026-03-23 16:22:50,SLOW_PATH,RANGING,MEAN_REVERSION,0,RANGING,0,10000.0000,10000.0000,0.0000,0.0000,70867.29,70867.29,0.00,0.000000,0.0000,0.000000,0.00,0.00000000,0,100.0000,1.5000,1.5000,3.0000,21.26,
300,2026-03-23 16:22:59,SLOW_PATH,RANGING,MEAN_REVERSION,0,RANGING,0,10000.0000,10000.0000,0.0000,0.0000,70867.30,70867.29,0.00,0.000007,0.0000,0.000007,0.00,0.00000000,0,100.0000,1.5000,1.5000,3.0000,21.26,
400,2026-03-23 16:23:08,SLOW_PATH,RANGING,MEAN_REVERSION,0,RANGING,0,10000.0000,10000.0000,0.0000,0.0000,70867.29,70867.29,0.00,0.000001,0.0000,0.000001,0.00,0.00000000,0,100.0000,1.5000,1.5000,3.0000,21.26,
500,2026-03-23 16:23:18,SLOW_PATH,RANGING,MEAN_REVERSION,0,RANGING,0,10000.0000,10000.0000,0.0000,0.0000,70867.30,70867.29,0.00,0.000003,0.0000,0.000003,0.00,0.00000000,0,100.0000,1.5000,1.5000,3.0000,21.26,
600,2026-03-23 16:23:25,SLOW_PATH,RANGING,MEAN_REVERSION,0,RANGING,0,10000.0000,10000.0000,0.0000,0.0000,70895.99,70872.08,7.17,0.005786,0.0000,0.005786,0.00,0.00000000,0,100.0337,1.5000,1.5000,3.0000,21.26,
700,2026-03-23 16:23:32,SLOW_PATH,RANGING,MEAN_REVERSION,0,RANGING,0,10000.0000,10000.0000,0.0000,0.0000,70911.99,70877.78,11.18,0.009649,0.0000,0.009649,0.00,0.00000000,0,100.0483,1.5000,1.5000,3.0000,22.35,
800,2026-03-23 16:23:41,SLOW_PATH,RANGING,MEAN_REVERSION,0,RANGING,0,10000.0000,10000.0000,0.0000,0.0000,70917.99,70882.80,12.68,0.011160,0.0000,0.011160,0.00,0.00000000,0,100.0496,1.5000,1.5000,3.0000,25.35,
900,2026-03-23 16:23:49,SLOW_PATH,RANGING,MEAN_REVERSION,0,RANGING,0,10000.0000,10000.0000,0.0000,0.0000,70918.00,70886.72,12.68,0.011122,0.0000,0.011122,0.00,0.00000000,0,100.0441,1.5000,1.5000,3.0000,25.36,
1000,2026-03-23 16:23:58,SLOW_PATH,RANGING,MEAN_REVERSION,0,RANGING,0,10000.0000,10000.0000,0.0000,0.0000,70915.17,70889.56,12.68,0.010277,0.0000,0.010277,0.00,0.00000000,0,100.0361,1.5000,1.5000,3.0000,25.36,
1100,2026-03-23 16:24:06,SLOW_PATH,RANGING,MEAN_REVERSION,0,RANGING,0,10000.0000,10000.0000,0.0000,0.0000,70912.51,70891.65,12.68,0.009179,0.0000,0.009179,0.00,0.00000000,0,100.0294,1.5000,1.5000,3.0000,25.36,
1200,2026-03-23 16:24:14,SLOW_PATH,RANGING,MEAN_REVERSION,0,RANGING,0,10000.0000,10000.0000,0.0000,0.0000,70902.66,70892.57,12.68,0.007658,0.0000,0.007658,0.00,0.00000000,0,100.0142,1.5000,1.5000,3.0000,25.36,
1300,2026-03-23 16:24:23,SLOW_PATH,RANGING,MEAN_REVERSION,0,RANGING,0,10000.0000,10000.0000,0.0000,0.0000,70902.65,70893.34,12.68,0.006486,0.0000,0.006486,0.00,0.00000000,0,100.0131,1.5000,1.5000,3.0000,25.36,
1400,2026-03-23 16:24:32,SLOW_PATH,RANGING,MEAN_REVERSION,0,RANGING,0,10000.0000,10000.0000,0.0000,0.0000,70902.65,70894.01,12.68,0.005564,0.0000,0.005564,0.00,0.00000000,0,100.0122,1.5000,1.5000,3.0000,25.36,
1500,2026-03-23 16:24:41,SLOW_PATH,RANGING,MEAN_REVERSION,0,RANGING,0,10000.0000,10000.0000,0.0000,0.0000,70902.66,70894.58,12.68,0.004826,0.0000,0.004826,0.00,0.00000000,0,100.0114,1.5000,1.5000,3.0000,25.36,
1600,2026-03-23 16:24:51,SLOW_PATH,RANGING,MEAN_REVERSION,0,RANGING,0,10000.0000,10000.0000,0.0000,0.0000,70902.66,70895.09,12.68,0.004226,0.0000,0.004226,0.00,0.00000000,0,100.0107,1.5000,1.5000,3.0000,25.36,
1700,2026-03-23 16:25:00,SLOW_PATH,RANGING,MEAN_REVERSION,0,RANGING,0,10000.0000,10000.0000,0.0000,0.0000,70912.15,70896.09,12.68,0.003993,0.0000,0.003993,0.00,0.00000000,0,100.0227,1.5000,1.5000,3.0000,25.36,
1800,2026-03-23 16:25:09,SLOW_PATH,RANGING,MEAN_REVERSION,0,RANGING,0,10000.0000,10000.0000,0.0000,0.0000,70912.15,70896.98,12.68,0.003760,0.0000,0.003760,0.00,0.00000000,0,100.0214,1.5000,1.5000,3.0000,25.36,
100,2026-03-23 16:26:15,SLOW_PATH,RANGING,MEAN_REVERSION,0,RANGING,0,10000.0000,10000.0000,0.0000,0.0000,70900.01,0.00,0.00,0.000000,0.0000,0.000000,0.00,0.00000000,0,0.0000,1.5000,1.5000,3.0000,0.00,
200,2026-03-23 16:26:23,SLOW_PATH,RANGING,MEAN_REVERSION,0,RANGING,0,10000.0000,10000.0000,0.0000,0.0000,70900.00,70900.01,0.00,-0.000014,0.0000,-0.000014,0.00,0.00000000,0,100.0000,1.5000,1.5000,3.0000,21.27,
300,2026-03-23 16:26:33,SLOW_PATH,RANGING,MEAN_REVERSION,0,RANGING,0,10000.0000,10000.0000,0.0000,0.0000,70900.00,70900.00,0.00,-0.000007,0.0000,-0.000007,0.00,0.00000000,0,100.0000,1.5000,1.5000,3.0000,21.27,
400,2026-03-23 16:26:43,SLOW_PATH,RANGING,MEAN_REVERSION,0,RANGING,0,10000.0000,10000.0000,0.0000,0.0000,70900.00,70900.00,0.00,-0.000004,0.0000,-0.000004,0.00,0.00000000,0,100.0000,1.5000,1.5000,3.0000,21.27,
500,2026-03-23 16:26:51,SLOW_PATH,RANGING,MEAN_REVERSION,0,RANGING,0,10000.0000,10000.0000,0.0000,0.0000,70888.96,70897.79,2.76,-0.003117,0.0000,-0.003117,0.00,0.00000000,0,99.9875,1.5000,1.5000,3.0000,21.27,
600,2026-03-23 16:27:01,SLOW_PATH,RANGING,MEAN_REVERSION,0,RANGING,0,10000.0000,10000.0000,0.0000,0.0000,70884.01,70895.50,4.00,-0.004559,0.0000,-0.004559,0.00,0.00000000,0,99.9838,1.5000,1.5000,3.0000,21.27,
700,2026-03-23 16:27:10,SLOW_PATH,RANGING,MEAN_REVERSION,0,RANGING,0,10000.0000,10000.0000,0.0000,0.0000,70884.01,70893.86,4.00,-0.004585,0.0000,-0.004585,0.00,0.00000000,0,99.9861,1.5000,1.5000,3.0000,21.27,
800,2026-03-23 16:27:19,SLOW_PATH,RANGING,MEAN_REVERSION,0,RANGING,0,10000.0000,10000.0000,0.0000,0.0000,70884.00,70892.62,4.00,-0.004215,0.0000,-0.004215,0.00,0.00000000,0,99.9878,1.5000,1.5000,3.0000,21.27,
900,2026-03-23 16:27:30,SLOW_PATH,RANGING,MEAN_REVERSION,0,RANGING,0,10000.0000,10000.0000,0.0000,0.0000,70884.00,70891.67,4.00,-0.003762,0.0000,-0.003762,0.00,0.00000000,0,99.9892,1.5000,1.5000,3.0000,21.27,
1000,2026-03-23 16:27:41,SLOW_PATH,RANGING,MEAN_REVERSION,0,RANGING,0,10000.0000,10000.0000,0.0000,0.0000,70884.00,70890.90,4.00,-0.003326,0.0000,-0.003326,0.00,0.00000000,0,99.9903,1.5000,1.5000,3.0000,21.27,
1100,2026-03-23 16:27:51,SLOW_PATH,RANGING,MEAN_REVERSION,0,RANGING,0,10000.0000,10000.0000,0.0000,0.0000,70884.00,70890.27,4.00,-0.002937,0.0000,-0.002937,0.00,0.00000000,0,99.9912,1.5000,1.5000,3.0000,21.27,
1200,2026-03-23 16:28:00,SLOW_PATH,RANGING,MEAN_REVERSION,0,RANGING,0,10000.0000,10000.0000,0.0000,0.0000,70884.00,70889.75,4.00,-0.002599,0.0000,-0.002599,0.00,0.00000000,0,99.9919,1.5000,1.5000,3.0000,21.27,
1300,2026-03-23 16:28:09,SLOW_PATH,RANGING,MEAN_REVERSION,0,RANGING,0,10000.0000,10000.0000,0.0000,0.0000,70888.08,70889.62,4.00,-0.002120,0.0000,-0.002120,0.00,0.00000000,0,99.9978,1.5000,1.5000,3.0000,21.27,
100,2026-03-23 16:28:40,SLOW_PATH,RANGING,MEAN_REVERSION,0,RANGING,0,10000.0000,10000.0000,0.0000,0.0000,70901.06,0.00,0.00,0.000000,0.0000,0.000000,0.00,0.00000000,0,0.0000,1.5000,1.5000,3.0000,0.00,
200,2026-03-23 16:28:48,SLOW_PATH,RANGING,MEAN_REVERSION,0,RANGING,0,10000.0000,10000.0000,0.0000,0.0000,70894.07,70897.57,1.75,-0.009859,0.0000,-0.009859,0.00,0.00000000,0,99.9951,1.5000,1.5000,3.0000,21.27,
300,2026-03-23 16:28:58,SLOW_PATH,RANGING,MEAN_REVERSION,0,RANGING,0,10000.0000,10000.0000,0.0000,0.0000,70894.07,70896.40,1.75,-0.004930,0.0000,-0.004930,0.00,0.00000000,0,99.9967,1.5000,1.5000,3.0000,21.27,
400,2026-03-23 16:29:07,SLOW_PATH,RANGING,MEAN_REVERSION,0,RANGING,0,10000.0000,10000.0000,0.0000,0.0000,70894.07,70895.82,1.75,-0.002958,0.0000,-0.002958,0.00,0.00000000,0,99.9975,1.5000,1.5000,3.0000,21.27,
500,2026-03-23 16:29:17,SLOW_PATH,RANGING,MEAN_REVERSION,0,RANGING,0,10000.0000,10000.0000,0.0000,0.0000,70894.07,70895.47,1.75,-0.001972,0.0000,-0.001972,0.00,0.00000000,0,99.9980,1.5000,1.5000,3.0000,21.27,
600,2026-03-23 16:29:27,SLOW_PATH,RANGING,MEAN_REVERSION,0,RANGING,0,10000.0000,10000.0000,0.0000,0.0000,70894.08,70895.24,1.75,-0.001407,0.0000,-0.001407,0.00,0.00000000,0,99.9984,1.5000,1.5000,3.0000,21.27,
700,2026-03-23 16:29:36,SLOW_PATH,RANGING,MEAN_REVERSION,0,RANGING,0,10000.0000,10000.0000,0.0000,0.0000,70894.07,70895.07,1.75,-0.001055,0.0000,-0.001055,0.00,0.00000000,0,99.9986,1.5000,1.5000,3.0000,21.27,
800,2026-03-23 16:29:44,SLOW_PATH,RANGING,MEAN_REVERSION,0,RANGING,0,10000.0000,10000.0000,0.0000,0.0000,70894.08,70894.95,1.75,-0.000820,0.0000,-0.000820,0.00,0.00000000,0,99.9988,1.5000,1.5000,3.0000,21.27,
900,2026-03-23 16:29:54,SLOW_PATH,RANGING,MEAN_REVERSION,0,RANGING,0,10000.0000,10000.0000,0.0000,0.0000,70894.08,70894.85,1.75,-0.000655,0.0000,-0.000655,0.00,0.00000000,0,99.9989,1.5000,1.5000,3.0000,21.27,
1000,2026-03-23 16:30:03,SLOW_PATH,RANGING,MEAN_REVERSION,0,RANGING,0,10000.0000,10000.0000,0.0000,0.0000,70894.07,70894.77,1.75,-0.000537,0.0000,-0.000537,0.00,0.00000000,0,99.9990,1.5000,1.5000,3.0000,21.27,
1100,2026-03-23 16:30:11,SLOW_PATH,RANGING,MEAN_REVERSION,0,RANGING,0,10000.0000,10000.0000,0.0000,0.0000,70894.08,70894.71,1.75,-0.000447,0.0000,-0.000447,0.00,0.00000000,0,99.9991,1.5000,1.5000,3.0000,21.27,
1200,2026-03-23 16:30:19,SLOW_PATH,RANGING,MEAN_REVERSION,0,RANGING,0,10000.0000,10000.0000,0.0000,0.0000,70886.97,70894.06,3.52,-0.000764,0.0000,-0.000764,0.00,0.00000000,0,99.9900,1.5000,1.5000,3.0000,21.27,
1300,2026-03-23 16:30:29,SLOW_PATH,RANGING,MEAN_REVERSION,0,RANGING,0,10000.0000,10000.0000,0.0000,0.0000,70886.97,70893.52,3.52,-0.000930,0.0000,-0.000930,0.00,0.00000000,0,99.9908,1.5000,1.5000,3.0000,21.27,
1400,2026-03-23 16:30:38,SLOW_PATH,RANGING,MEAN_REVERSION,0,RANGING,0,10000.0000,10000.0000,0.0000,0.0000,70886.97,70893.05,3.52,-0.001008,0.0000,-0.001008,0.00,0.00000000,0,99.9914,1.5000,1.5000,3.0000,21.27,
1500,2026-03-23 16:30:47,SLOW_PATH,RANGING,MEAN_REVERSION,0,RANGING,0,10000.0000,10000.0000,0.0000,0.0000,70886.97,70892.65,3.52,-0.001033,0.0000,-0.001033,0.00,0.00000000,0,99.9920,1.5000,1.5000,3.0000,21.27,
1600,2026-03-23 16:30:56,SLOW_PATH,RANGING,MEAN_REVERSION,0,RANGING,0,10000.0000,10000.0000,0.0000,0.0000,70874.32,70891.50,6.68,-0.001421,0.0000,-0.001421,0.00,0.00000000,0,99.9758,1.5000,1.5000,3.0000,21.27,
1700,2026-03-23 16:31:05,SLOW_PATH,RANGING,MEAN_REVERSION,0,RANGING,0,10000.0000,10000.0000,0.0000,0.0000,70883.83,70891.05,6.68,-0.001396,0.0000,-0.001396,0.00,0.00000000,0,99.9898,1.5000,1.5000,3.0000,21.27,
1800,2026-03-23 16:31:13,SLOW_PATH,RANGING,MEAN_REVERSION,0,RANGING,0,10000.0000,10000.0000,0.0000,0.0000,70883.83,70890.65,6.68,-0.001355,0.0000,-0.001355,0.00,0.00000000,0,99.9904,1.5000,1.5000,3.0000,21.27,
1900,2026-03-23 16:31:21,SLOW_PATH,RANGING,MEAN_REVERSION,0,RANGING,0,10000.0000,10000.0000,0.0000,0.0000,70899.12,70891.09,6.68,-0.000963,0.0000,-0.000963,0.00,0.00000000,0,100.0113,1.5000,1.5000,3.0000,21.27,
2000,2026-03-23 16:31:30,SLOW_PATH,RANGING,MEAN_REVERSION,0,RANGING,0,10000.0000,10000.0000,0.0000,0.0000,70909.82,70892.03,8.88,-0.000448,0.0000,-0.000448,0.00,0.00000000,0,100.0251,1.5000,1.5000,3.0000,21.27,
2100,2026-03-23 16:31:38,SLOW_PATH,RANGING,MEAN_REVERSION,0,RANGING,0,10000.0000,10000.0000,0.0000,0.0000,70903.82,70892.59,8.88,-0.000171,0.0000,-0.000171,0.00,0.00000000,0,100.0158,1.5000,1.5000,3.0000,21.27,
2200,2026-03-23 16:31:48,SLOW_PATH,RANGING,MEAN_REVERSION,0,RANGING,0,10000.0000,10000.0000,0.0000,0.0000,70903.82,70893.10,8.88,0.000039,0.0000,0.000039,0.00,0.00000000,0,100.0151,1.5000,1.5000,3.0000,21.27,
100,2026-03-23 16:34:23,SLOW_PATH,RANGING,MEAN_REVERSION,0,RANGING,0,10000.0000,10000.0000,0.0000,0.0000,70962.14,0.00,0.00,0.000000,0.0000,0.000000,0.00,0.00000000,0,0.0000,1.5000,1.5000,3.0000,0.00,
100,2026-03-23 16:36:16,SLOW_PATH,RANGING,MEAN_REVERSION,0,RANGING,0,10000.0000,10000.0000,0.0000,0.0000,70956.80,0.00,0.00,0.000000,0.0000,0.000000,0.00,0.00000000,0,0.0000,1.5000,1.5000,3.0000,0.00,
200,2026-03-23 16:37:05,SLOW_PATH,RANGING,MEAN_REVERSION,0,RANGING,0,10000.0000,10000.0000,0.0000,0.0000,70979.16,70967.98,5.59,0.031507,0.0000,0.031507,0.00,0.00000000,0,100.0158,1.5000,1.5000,3.0000,21.29,
300,2026-03-23 16:38:00,SLOW_PATH,RANGING,MEAN_REVERSION,0,RANGING,0,10000.0000,10000.0000,0.0000,0.0000,70956.00,70963.99,5.79,-0.000564,0.0000,-0.000564,0.00,0.00000000,0,99.9887,1.5000,1.5000,3.0000,21.29,
400,2026-03-23 16:38:39,SLOW_PATH,RANGING,MEAN_REVERSION,0,RANGING,0,10000.0000,10000.0000,0.0000,0.0000,70949.99,70960.49,7.29,-0.006143,0.0000,-0.006143,0.00,0.00000000,0,99.9852,1.5000,1.5000,3.0000,21.29,
500,2026-03-23 16:39:24,SLOW_PATH,RANGING,MEAN_REVERSION,0,RANGING,0,10000.0000,10000.0000,0.0000,0.0000,70979.63,70964.32,7.41,0.002324,0.0000,0.002324,0.00,0.00000000,0,100.0216,1.5000,1.5000,3.0000,21.29,
600,2026-03-23 16:40:00,SLOW_PATH,RANGING,MEAN_REVERSION,0,RANGING,0,10000.0000,10000.0000,0.0000,0.0000,70993.21,70969.13,10.80,0.007144,0.0000,0.007144,0.00,0.00000000,0,100.0339,1.5000,1.5000,3.0000,21.61,
700,2026-03-23 16:40:27,SLOW_PATH,RANGING,MEAN_REVERSION,0,RANGING,0,10000.0000,10000.0000,0.0000,0.0000,70993.22,70972.57,10.81,0.008101,0.0000,0.008101,0.00,0.00000000,0,100.0291,1.5000,1.5000,3.0000,21.61,
800,2026-03-23 16:40:52,SLOW_PATH,RANGING,MEAN_REVERSION,0,RANGING,0,10000.0000,10000.0000,0.0000,0.0000,70986.01,70974.25,10.81,0.006978,0.0000,0.006978,0.00,0.00000000,0,100.0166,1.5000,1.5000,3.0000,21.61,
900,2026-03-23 16:41:29,SLOW_PATH,RANGING,MEAN_REVERSION,0,RANGING,0,10000.0000,10000.0000,0.0000,0.0000,70963.45,70973.05,10.81,0.003870,0.0000,0.003870,0.00,0.00000000,0,99.9865,1.5000,1.5000,3.0000,21.61,
1000,2026-03-23 16:42:16,SLOW_PATH,RANGING,MEAN_REVERSION,0,RANGING,0,10000.0000,10000.0000,0.0000,0.0000,70933.00,70969.05,15.05,-0.000263,0.0000,-0.000263,0.00,0.00000000,0,99.9492,1.5000,1.5000,3.0000,30.11,
1100,2026-03-23 16:42:53,SLOW_PATH,RANGING,MEAN_REVERSION,0,RANGING,0,10000.0000,10000.0000,0.0000,0.0000,70956.89,70967.94,15.05,-0.000976,0.0000,-0.000976,0.00,0.00000000,0,99.9844,1.5000,1.5000,3.0000,30.11,
1200,2026-03-23 16:43:49,SLOW_PATH,RANGING,MEAN_REVERSION,0,RANGING,0,10000.0000,10000.0000,0.0000,0.0000,70974.08,70968.45,15.05,-0.000418,0.0000,-0.000418,0.00,0.00000000,0,100.0079,1.5000,1.5000,3.0000,30.11,
1300,2026-03-23 16:44:10,SLOW_PATH,RANGING,MEAN_REVERSION,0,RANGING,0,10000.0000,10000.0000,0.0000,0.0000,70942.01,70966.42,15.05,-0.001557,0.0000,-0.001557,0.00,0.00000000,0,99.9656,1.5000,1.5000,3.0000,30.11,
1400,2026-03-23 16:45:00,SLOW_PATH,RANGING,MEAN_REVERSION,0,RANGING,0,10000.0000,10000.0000,0.0000,0.0000,70936.00,70964.25,15.05,-0.002470,0.0000,-0.002470,0.00,0.00000000,0,99.9602,1.5000,1.5000,3.0000,30.11,
1500,2026-03-23 16:45:51,SLOW_PATH,RANGING,MEAN_REVERSION,0,RANGING,0,10000.0000,10000.0000,0.0000,0.0000,70930.34,70961.99,15.72,-0.003202,0.0000,-0.003202,0.00,0.00000000,0,99.9554,1.5000,1.5000,3.0000,31.44,
1600,2026-03-23 16:46:48,SLOW_PATH,RANGING,MEAN_REVERSION,0,RANGING,0,10000.0000,10000.0000,0.0000,0.0000,70922.70,70959.53,17.63,-0.003858,0.0000,-0.003858,0.00,0.00000000,0,99.9481,1.5000,1.5000,3.0000,35.26,
1700,2026-03-23 16:47:48,SLOW_PATH,RANGING,MEAN_REVERSION,0,RANGING,0,10000.0000,10000.0000,0.0000,0.0000,70922.72,70957.37,17.63,-0.004232,0.0000,-0.004232,0.00,0.00000000,0,99.9512,1.5000,1.5000,3.0000,35.26,
1800,2026-03-23 16:48:25,SLOW_PATH,RANGING,MEAN_REVERSION,0,RANGING,0,10000.0000,10000.0000,0.0000,0.0000,70895.90,70953.95,24.33,-0.005084,0.0000,-0.005084,0.00,0.00000000,0,99.9182,1.5000,1.5000,3.0000,48.66,
1900,2026-03-23 16:49:49,SLOW_PATH,RANGING,MEAN_REVERSION,0,RANGING,0,10000.0000,10000.0000,0.0000,0.0000,70906.35,70951.45,24.33,-0.005381,0.0000,-0.005381,0.00,0.00000000,0,99.9364,1.5000,1.5000,3.0000,48.66,
2000,2026-03-23 16:50:27,SLOW_PATH,RANGING,MEAN_REVERSION,0,RANGING,0,10000.0000,10000.0000,0.0000,0.0000,70906.36,70949.19,24.33,-0.005520,0.0000,-0.005520,0.00,0.00000000,0,99.9396,1.5000,1.5000,3.0000,48.66,
2100,2026-03-23 16:50:50,SLOW_PATH,RANGING,MEAN_REVERSION,0,RANGING,0,10000.0000,10000.0000,0.0000,0.0000,70930.92,70948.32,24.33,-0.005102,0.0000,-0.005102,0.00,0.00000000,0,99.9755,1.5000,1.5000,3.0000,48.66,
2200,2026-03-23 16:51:36,SLOW_PATH,RANGING,MEAN_REVERSION,0,RANGING,0,10000.0000,10000.0000,0.0000,0.0000,70947.61,70948.29,24.33,-0.004448,0.0000,-0.004448,0.00,0.00000000,0,99.9990,1.5000,1.5000,3.0000,48.66,
2300,2026-03-23 16:51:55,SLOW_PATH,RANGING,MEAN_REVERSION,0,RANGING,0,10000.0000,10000.0000,0.0000,0.0000,70963.07,70948.93,24.33,-0.003666,0.0000,-0.003666,0.00,0.00000000,0,100.0199,1.5000,1.5000,3.0000,48.66,
2400,2026-03-23 16:52:30,SLOW_PATH,RANGING,MEAN_REVERSION,0,RANGING,0,10000.0000,10000.0000,0.0000,0.0000,70928.66,70948.09,24.33,-0.003512,0.0000,-0.003512,0.00,0.00000000,0,99.9726,1.5000,1.5000,3.0000,48.66,
2500,2026-03-23 16:53:05,SLOW_PATH,RANGING,MEAN_REVERSION,0,RANGING,0,10000.0000,10000.0000,0.0000,0.0000,70941.24,70947.81,24.33,-0.003196,0.0000,-0.003196,0.00,0.00000000,0,99.9907,1.5000,1.5000,3.0000,48.66,
2600,2026-03-23 16:53:37,SLOW_PATH,RANGING,MEAN_REVERSION,0,RANGING,0,10000.0000,10000.0000,0.0000,0.0000,70930.06,70947.13,24.33,-0.003054,0.0000,-0.003054,0.00,0.00000000,0,99.9759,1.5000,1.5000,3.0000,48.66,
2700,2026-03-23 16:54:25,SLOW_PATH,RANGING,MEAN_REVERSION,0,RANGING,0,10000.0000,10000.0000,0.0000,0.0000,70919.15,70946.09,24.33,-0.003040,0.0000,-0.003040,0.00,0.00000000,0,99.9620,1.5000,1.5000,3.0000,48.66,
2800,2026-03-23 16:55:06,SLOW_PATH,RANGING,MEAN_REVERSION,0,RANGING,0,10000.0000,10000.0000,0.0000,0.0000,70888.43,70944.03,26.20,-0.003326,0.0000,-0.003326,0.00,0.00000000,0,99.9216,1.5000,1.5000,3.0000,52.40,
2900,2026-03-23 16:55:30,SLOW_PATH,RANGING,MEAN_REVERSION,0,RANGING,0,10000.0000,10000.0000,0.0000,0.0000,70927.82,70943.48,26.20,-0.003151,0.0000,-0.003151,0.00,0.00000000,0,99.9779,1.5000,1.5000,3.0000,52.40,
3000,2026-03-23 16:56:34,SLOW_PATH,RANGING,MEAN_REVERSION,0,RANGING,0,10000.0000,10000.0000,0.0000,0.0000,70902.58,70942.11,26.20,-0.003218,0.0000,-0.003218,0.00,0.00000000,0,99.9443,1.5000,1.5000,3.0000,52.40,
3100,2026-03-23 16:57:42,SLOW_PATH,RANGING,MEAN_REVERSION,0,RANGING,0,10000.0000,10000.0000,0.0000,0.0000,70897.98,70940.69,26.20,-0.003293,0.0000,-0.003293,0.00,0.00000000,0,99.9398,1.5000,1.5000,3.0000,52.40,
3200,2026-03-23 16:58:17,SLOW_PATH,RANGING,MEAN_REVERSION,0,RANGING,0,10000.0000,10000.0000,0.0000,0.0000,70897.99,70939.35,26.20,-0.003336,0.0000,-0.003336,0.00,0.00000000,0,99.9417,1.5000,1.5000,3.0000,52.40,
3300,2026-03-23 16:59:03,SLOW_PATH,RANGING,MEAN_REVERSION,0,RANGING,0,10000.0000,10000.0000,0.0000,0.0000,70878.98,70937.52,28.56,-0.003497,0.0000,-0.003497,0.00,0.00000000,0,99.9175,1.5000,1.5000,3.0000,57.12,
3400,2026-03-23 16:59:34,SLOW_PATH,RANGING,MEAN_REVERSION,0,RANGING,0,10000.0000,10000.0000,0.0000,0.0000,70840.28,70934.66,38.23,-0.003888,0.0000,-0.003888,0.00,0.00000000,0,99.8669,1.5000,1.5000,3.0000,76.47,
3500,2026-03-23 17:00:00,SLOW_PATH,RANGING,MEAN_REVERSION,0,RANGING,0,10000.0000,10000.0000,0.0000,0.0000,70860.99,70932.56,38.23,-0.004059,0.0000,-0.004059,0.00,0.00000000,0,99.8991,1.5000,1.5000,3.0000,76.47,
3600,2026-03-23 17:00:17,SLOW_PATH,RANGING,MEAN_REVERSION,0,RANGING,0,10000.0000,10000.0000,0.0000,0.0000,70890.37,70931.39,38.23,-0.003998,0.0000,-0.003998,0.00,0.00000000,0,99.9422,1.5000,1.5000,3.0000,76.47,
3700,2026-03-23 17:00:35,SLOW_PATH,RANGING,MEAN_REVERSION,0,RANGING,0,10000.0000,10000.0000,0.0000,0.0000,70838.07,70928.87,38.79,-0.004244,0.0000,-0.004244,0.00,0.00000000,0,99.8720,1.5000,1.5000,3.0000,77.58,
3800,2026-03-23 17:01:02,SLOW_PATH,RANGING,MEAN_REVERSION,0,RANGING,0,10000.0000,10000.0000,0.0000,0.0000,70831.47,70926.30,40.44,-0.004473,0.0000,-0.004473,0.00,0.00000000,0,99.8663,1.5000,1.5000,3.0000,80.88,
3900,2026-03-23 17:01:36,SLOW_PATH,RANGING,MEAN_REVERSION,0,RANGING,0,10000.0000,10000.0000,0.0000,0.0000,70791.12,70922.84,50.52,-0.004871,0.0000,-0.004871,0.00,0.00000000,0,99.8143,1.5000,1.5000,3.0000,101.05,
4000,2026-03-23 17:02:00,SLOW_PATH,RANGING,MEAN_REVERSION,0,RANGING,0,10000.0000,10000.0000,0.0000,0.0000,70789.12,70919.49,51.02,-0.005205,0.0000,-0.005205,0.00,0.00000000,0,99.8162,1.5000,1.5000,3.0000,102.05,
4100,2026-03-23 17:02:23,SLOW_PATH,RANGING,MEAN_REVERSION,0,RANGING,0,10000.0000,10000.0000,0.0000,0.0000,70764.24,70915.71,57.24,-0.005596,0.0000,-0.005596,0.00,0.00000000,0,99.7864,1.5000,1.5000,3.0000,114.49,
4200,2026-03-23 17:02:43,SLOW_PATH,RANGING,MEAN_REVERSION,0,RANGING,0,10000.0000,10000.0000,0.0000,0.0000,70754.17,70911.86,59.76,-0.005963,0.0000,-0.005963,0.00,0.00000000,0,99.7776,1.5000,1.5000,3.0000,119.53,
4300,2026-03-23 17:03:04,SLOW_PATH,RANGING,MEAN_REVERSION,0,RANGING,0,10000.0000,10000.0000,0.0000,0.0000,70704.55,70907.04,72.17,-0.006484,0.0000,-0.006484,0.00,0.00000000,0,99.7144,1.5000,1.5000,3.0000,144.34,
4400,2026-03-23 17:03:32,SLOW_PATH,RANGING,MEAN_REVERSION,0,RANGING,0,10000.0000,10000.0000,0.0000,0.0000,70697.34,70902.27,73.97,-0.006948,0.0000,-0.006948,0.00,0.00000000,0,99.7110,1.5000,1.5000,3.0000,147.94,
4500,2026-03-23 17:03:43,SLOW_PATH,RANGING,MEAN_REVERSION,0,RANGING,0,10000.0000,10000.0000,0.0000,0.0000,70650.73,70896.68,85.62,-0.007524,0.0000,-0.007524,0.00,0.00000000,0,99.6531,1.5000,1.5000,3.0000,171.25,
4600,2026-03-23 17:03:59,SLOW_PATH,RANGING,MEAN_REVERSION,0,RANGING,0,10000.0000,10000.0000,0.0000,0.0000,70627.40,70890.83,91.45,-0.008098,0.0000,-0.008098,0.00,0.00000000,0,99.6284,1.5000,1.5000,3.0000,182.91,
4700,2026-03-23 17:04:11,SLOW_PATH,RANGING,MEAN_REVERSION,0,RANGING,0,10000.0000,10000.0000,0.0000,0.0000,70634.28,70885.37,91.45,-0.008555,0.0000,-0.008555,0.00,0.00000000,0,99.6458,1.5000,1.5000,3.0000,182.91,
4800,2026-03-23 17:04:26,SLOW_PATH,RANGING,MEAN_REVERSION,0,RANGING,0,10000.0000,10000.0000,0.0000,0.0000,70605.91,70879.55,96.83,-0.009038,0.0000,-0.009038,0.00,0.00000000,0,99.6139,1.5000,1.5000,3.0000,193.66,
4900,2026-03-23 17:04:31,SLOW_PATH,RANGING,MEAN_REVERSION,0,RANGING,0,10000.0000,10000.0000,0.0000,0.0000,70581.24,70873.46,103.00,-0.009527,0.0000,-0.009527,0.00,0.00000000,0,99.5877,1.5000,1.5000,3.0000,205.99,
5000,2026-03-23 17:04:52,SLOW_PATH,RANGING,MEAN_REVERSION,0,RANGING,0,10000.0000,10000.0000,0.0000,0.0000,70616.35,70868.32,103.00,-0.009821,0.0000,-0.009821,0.00,0.00000000,0,99.6445,1.5000,1.5000,3.0000,205.99,
5100,2026-03-23 17:05:07,SLOW_PATH,RANGING,MEAN_REVERSION,0,RANGING,0,10000.0000,10000.0000,0.0000,0.0000,70607.09,70863.20,103.00,-0.010089,0.0000,-0.010089,0.00,0.00000000,0,99.6386,1.5000,1.5000,3.0000,205.99,
5200,2026-03-23 17:05:13,SLOW_PATH,RANGING,MEAN_REVERSION,0,RANGING,0,10000.0000,10000.0000,0.0000,0.0000,70640.06,70858.91,103.00,-0.010204,0.0000,-0.010204,0.00,0.00000000,0,99.6912,1.5000,1.5000,3.0000,205.99,
5300,2026-03-23 17:05:47,SLOW_PATH,RANGING,MEAN_REVERSION,0,RANGING,0,10000.0000,10000.0000,0.0000,0.0000,70606.08,70854.14,103.00,-0.010386,0.0000,-0.010386,0.00,0.00000000,0,99.6499,1.5000,1.5000,3.0000,205.99,
5400,2026-03-23 17:06:17,SLOW_PATH,RANGING,MEAN_REVERSION,0,RANGING,0,10000.0000,10000.0000,0.0000,0.0000,70640.70,70850.18,103.00,-0.010429,0.0000,-0.010429,0.00,0.00000000,0,99.7043,1.5000,1.5000,3.0000,205.99,
5500,2026-03-23 17:06:40,SLOW_PATH,RANGING,MEAN_REVERSION,0,RANGING,0,10000.0000,10000.0000,0.0000,0.0000,70663.32,70846.79,103.00,-0.010384,0.0000,-0.010384,0.00,0.00000000,0,99.7410,1.5000,1.5000,3.0000,205.99,
5600,2026-03-23 17:07:03,SLOW_PATH,RANGING,MEAN_REVERSION,0,RANGING,0,10000.0000,10000.0000,0.0000,0.0000,70693.64,70844.05,103.00,-0.010245,0.0000,-0.010245,0.00,0.00000000,0,99.7877,1.5000,1.5000,3.0000,205.99,
5700,2026-03-23 17:07:27,SLOW_PATH,RANGING,MEAN_REVERSION,0,RANGING,0,10000.0000,10000.0000,0.0000,0.0000,70705.41,70841.62,103.00,-0.010070,0.0000,-0.010070,0.00,0.00000000,0,99.8077,1.5000,1.5000,3.0000,205.99,
5800,2026-03-23 17:08:02,SLOW_PATH,RANGING,MEAN_REVERSION,0,RANGING,0,10000.0000,10000.0000,0.0000,0.0000,70684.76,70838.91,103.00,-0.009947,0.0000,-0.009947,0.00,0.00000000,0,99.7824,1.5000,1.5000,3.0000,205.99,
5900,2026-03-23 17:08:26,SLOW_PATH,RANGING,MEAN_REVERSION,0,RANGING,0,10000.0000,10000.0000,0.0000,0.0000,70684.16,70836.29,103.00,-0.009820,0.0000,-0.009820,0.00,0.00000000,0,99.7852,1.5000,1.5000,3.0000,205.99,
6000,2026-03-23 17:08:47,SLOW_PATH,RANGING,MEAN_REVERSION,0,RANGING,0,10000.0000,10000.0000,0.0000,0.0000,70729.99,70834.52,103.00,-0.009583,0.0000,-0.009583,0.00,0.00000000,0,99.8524,1.5000,1.5000,3.0000,205.99,
6100,2026-03-23 17:09:21,SLOW_PATH,RANGING,MEAN_REVERSION,0,RANGING,0,10000.0000,10000.0000,0.0000,0.0000,70722.65,70832.69,103.00,-0.009370,0.0000,-0.009370,0.00,0.00000000,0,99.8447,1.5000,1.5000,3.0000,205.99,
6200,2026-03-23 17:10:01,SLOW_PATH,RANGING,MEAN_REVERSION,0,RANGING,0,10000.0000,10000.0000,0.0000,0.0000,70696.07,70830.48,103.00,-0.009221,0.0000,-0.009221,0.00,0.00000000,0,99.8102,1.5000,1.5000,3.0000,205.99,
6300,2026-03-23 17:10:26,SLOW_PATH,RANGING,MEAN_REVERSION,0,RANGING,0,10000.0000,10000.0000,0.0000,0.0000,70672.71,70827.98,103.00,-0.009120,0.0000,-0.009120,0.00,0.00000000,0,99.7808,1.5000,1.5000,3.0000,205.99,
6400,2026-03-23 17:10:46,SLOW_PATH,RANGING,MEAN_REVERSION,0,RANGING,0,10000.0000,10000.0000,0.0000,0.0000,70713.17,70826.18,103.00,-0.008933,0.0000,-0.008933,0.00,0.00000000,0,99.8404,1.5000,1.5000,3.0000,205.99,
6500,2026-03-23 17:11:38,SLOW_PATH,RANGING,MEAN_REVERSION,0,RANGING,0,10000.0000,10000.0000,0.0000,0.0000,70720.24,70824.55,103.00,-0.008737,0.0000,-0.008737,0.00,0.00000000,0,99.8527,1.5000,1.5000,3.0000,205.99,
